driver_id,trip_id,timestamp,speed,acceleration,brake,rpm,steering_angle,latitude,longitude,hard_acceleration,hard_braking,overspeed
D001,T001,2026-01-01 08:00:00,50.16,0.186,0,2778.6,4.46,37.500019,127.022867,False,False,False
D001,T001,2026-01-01 08:00:05,41.23,-0.52,0,2165.6,-3.77,37.500037,127.022963,False,False,False
D001,T001,2026-01-01 08:00:10,54.39,0.608,0,2896.3,8.03,37.500059,127.022933,False,False,False
D001,T001,2026-01-01 08:00:15,56.26,0.081,0,2790.4,-16.76,37.49999,127.023034,False,False,False
D001,T001,2026-01-01 08:00:20,36.35,-1.568,1,1740.8,-5.51,37.499978,127.023068,False,False,False
D001,T001,2026-01-01 08:00:25,41.36,-0.126,0,2098.7,-11.81,37.499966,127.023056,False,False,False
D001,T001,2026-01-01 08:00:30,51.85,0.211,0,2716.3,-5.78,37.499997,127.023088,False,False,False
D001,T001,2026-01-01 08:00:35,49.11,-0.429,0,2407.8,1.73,37.500077,127.023263,False,False,False
D001,T001,2026-01-01 08:00:40,51.61,0.249,0,3036.2,-1.25,37.499992,127.02345,False,False,False
D001,T001,2026-01-01 08:00:45,46.01,-0.561,0,2574.3,-1.77,37.499982,127.023456,False,False,False
D001,T001,2026-01-01 08:00:50,58.48,0.583,0,3036.1,-1.11,37.5001,127.023471,False,False,False
D001,T001,2026-01-01 08:00:55,58.03,0.336,0,2759.7,1.42,37.500041,127.023568,False,False,False
D001,T001,2026-01-01 08:01:00,53.16,-0.368,0,2376.5,-7.06,37.499975,127.023492,False,False,False
D001,T001,2026-01-01 08:01:05,60.77,0.625,0,3268.0,4.95,37.499991,127.023522,False,False,False
D001,T001,2026-01-01 08:01:10,56.13,-0.516,0,2692.1,4.64,37.500059,127.023519,False,False,False
D001,T001,2026-01-01 08:01:15,46.75,-0.575,0,2399.4,2.7,37.50006,127.023548,False,False,False
D001,T001,2026-01-01 08:01:20,55.29,0.207,0,2461.2,3.9,37.500166,127.023473,False,False,False
D001,T001,2026-01-01 08:01:25,45.77,-0.619,0,2437.0,2.07,37.500235,127.023329,False,False,False
D001,T001,2026-01-01 08:01:30,58.55,0.939,0,3128.8,14.25,37.500302,127.023143,False,False,False
D001,T001,2026-01-01 08:01:35,51.68,-0.859,0,2218.4,-0.61,37.500346,127.023042,False,False,False
D001,T001,2026-01-01 08:01:40,50.43,0.052,0,2491.3,-2.15,37.500533,127.023001,False,False,False
D001,T001,2026-01-01 08:01:45,46.08,-4.346,1,1508.0,-5.27,37.500516,127.022975,False,True,False
D001,T001,2026-01-01 08:01:50,59.07,0.551,0,2989.0,-7.23,37.500356,127.023149,False,False,False
D001,T001,2026-01-01 08:01:55,48.86,-0.965,0,2246.5,-8.71,37.500484,127.023249,False,False,False
D001,T001,2026-01-01 08:02:00,46.46,-0.113,0,2386.0,-6.22,37.500448,127.023162,False,False,False
D001,T001,2026-01-01 08:02:05,46.46,-0.147,0,2352.1,-0.49,37.500456,127.023193,False,False,False
D001,T001,2026-01-01 08:02:10,52.17,0.38,0,2734.8,2.34,37.500561,127.023157,False,False,False
D001,T001,2026-01-01 08:02:15,50.45,-0.089,0,2810.5,0.36,37.500433,127.023131,False,False,False
D001,T001,2026-01-01 08:02:20,50.28,0.436,0,2193.4,-5.36,37.500333,127.023148,False,False,False
D001,T001,2026-01-01 08:02:25,49.84,-0.091,0,2481.9,6.3,37.500205,127.023203,False,False,False
D001,T001,2026-01-01 08:02:30,61.31,0.348,0,3042.8,5.18,37.500141,127.023173,False,False,False
D001,T001,2026-01-01 08:02:35,42.82,-0.971,0,2145.5,-1.12,37.500176,127.023269,False,False,False
D001,T001,2026-01-01 08:02:40,41.55,-0.008,0,2194.0,-4.57,37.500218,127.023166,False,False,False
D001,T001,2026-01-01 08:02:45,38.98,0.236,0,1910.9,3.84,37.50024,127.023166,False,False,False
D001,T001,2026-01-01 08:02:50,48.61,0.764,0,2729.9,1.32,37.500127,127.0234,False,False,False
D001,T001,2026-01-01 08:02:55,51.81,0.276,0,2983.1,-10.14,37.499942,127.02342,False,False,False
D001,T001,2026-01-01 08:03:00,42.71,-0.095,0,2005.2,-0.48,37.499947,127.023549,False,False,False
D001,T001,2026-01-01 08:03:05,37.21,-0.634,0,2131.2,1.83,37.499909,127.023558,False,False,False
D001,T001,2026-01-01 08:03:10,37.01,-0.189,0,2007.6,-6.3,37.499946,127.02361,False,False,False
D001,T001,2026-01-01 08:03:15,47.14,0.301,0,2507.9,1.33,37.500002,127.023605,False,False,False
D001,T001,2026-01-01 08:03:20,47.6,-0.083,0,2260.7,-10.18,37.500013,127.023589,False,False,False
D001,T001,2026-01-01 08:03:25,46.03,-0.47,0,2251.4,9.35,37.500074,127.023519,False,False,False
D001,T001,2026-01-01 08:03:30,37.47,-0.295,0,2293.2,8.74,37.500092,127.023558,False,False,False
D001,T001,2026-01-01 08:03:35,43.8,0.287,0,2507.2,-1.77,37.500135,127.023481,False,False,False
D001,T001,2026-01-01 08:03:40,43.0,-0.453,0,2524.2,2.54,37.500078,127.023541,False,False,False
D001,T001,2026-01-01 08:03:45,43.82,-0.238,0,2499.4,-16.87,37.500064,127.023639,False,False,False
D001,T001,2026-01-01 08:03:50,48.61,0.352,0,2659.4,-8.09,37.50008,127.023672,False,False,False
D001,T001,2026-01-01 08:03:55,44.32,-0.004,0,2670.1,-2.06,37.500145,127.023646,False,False,False
D001,T001,2026-01-01 08:04:00,47.9,0.753,0,2723.1,-7.5,37.500114,127.023687,False,False,False
D001,T001,2026-01-01 08:04:05,44.04,0.597,0,2627.8,5.0,37.500155,127.023659,False,False,False
D001,T001,2026-01-01 08:04:10,46.01,0.224,0,2410.2,13.98,37.500134,127.023743,False,False,False
D001,T001,2026-01-01 08:04:15,48.82,-0.12,0,2495.6,-8.24,37.500125,127.023579,False,False,False
D001,T001,2026-01-01 08:04:20,34.51,-1.383,1,1593.5,-5.86,37.500191,127.023548,False,False,False
D001,T001,2026-01-01 08:04:25,43.04,0.545,0,2611.3,1.65,37.500032,127.023369,False,False,False
D001,T001,2026-01-01 08:04:30,42.47,-0.257,0,2025.5,11.28,37.499928,127.023235,False,False,False
D001,T001,2026-01-01 08:04:35,41.82,-0.152,0,2379.2,-8.56,37.499809,127.023357,False,False,False
D001,T001,2026-01-01 08:04:40,44.92,0.001,0,2343.0,1.74,37.499623,127.023438,False,False,False
D001,T001,2026-01-01 08:04:45,57.94,0.68,0,3180.4,12.75,37.499568,127.023373,False,False,False
D001,T001,2026-01-01 08:04:50,41.9,-0.589,0,2280.2,-11.56,37.499628,127.023238,False,False,False
D001,T001,2026-01-01 08:04:55,55.37,0.787,0,3233.7,-8.97,37.499606,127.022971,False,False,False
D001,T001,2026-01-01 08:05:00,37.22,-1.046,0,2016.7,-2.97,37.499621,127.022922,False,False,False
D001,T001,2026-01-01 08:05:05,47.19,0.262,0,2229.1,-3.64,37.499709,127.02314,False,False,False
D001,T001,2026-01-01 08:05:10,51.11,-0.249,0,2521.0,5.69,37.499815,127.023179,False,False,False
D001,T001,2026-01-01 08:05:15,54.52,0.053,0,2504.4,1.69,37.499809,127.023129,False,False,False
D001,T001,2026-01-01 08:05:20,55.8,0.056,0,2666.2,-12.42,37.499917,127.023171,False,False,False
D001,T001,2026-01-01 08:05:25,56.79,0.547,0,3173.3,3.61,37.499925,127.02303,False,False,False
D001,T001,2026-01-01 08:05:30,49.06,-0.391,0,2546.7,-4.04,37.499858,127.023003,False,False,False
D001,T001,2026-01-01 08:05:35,48.54,0.245,0,2428.4,8.92,37.49981,127.023012,False,False,False
D001,T001,2026-01-01 08:05:40,58.02,0.384,0,2724.8,-4.39,37.499692,127.023005,False,False,False
D001,T001,2026-01-01 08:05:45,50.72,-0.732,0,2419.3,-4.46,37.499621,127.023076,False,False,False
D001,T001,2026-01-01 08:05:50,43.12,-0.688,0,1945.8,3.79,37.499592,127.023107,False,False,False
D001,T001,2026-01-01 08:05:55,44.11,-0.147,0,2196.6,5.34,37.499656,127.023167,False,False,False
D001,T001,2026-01-01 08:06:00,45.64,0.676,0,2606.7,3.14,37.499794,127.023105,False,False,False
D001,T001,2026-01-01 08:06:05,55.48,0.315,0,3013.6,-11.8,37.499684,127.023186,False,False,False
D001,T001,2026-01-01 08:06:10,52.84,0.087,0,2775.3,3.77,37.499715,127.023332,False,False,False
D001,T001,2026-01-01 08:06:15,56.44,-0.052,0,2345.0,-7.24,37.499632,127.023245,False,False,False
D001,T001,2026-01-01 08:06:20,48.31,-0.19,0,2505.6,1.65,37.49967,127.023165,False,False,False
D001,T001,2026-01-01 08:06:25,52.11,0.317,0,2704.6,-9.97,37.499659,127.023285,False,False,False
D001,T001,2026-01-01 08:06:30,55.02,0.117,0,2820.7,3.12,37.499513,127.023268,False,False,False
D001,T001,2026-01-01 08:06:35,48.0,-0.399,0,2685.2,-5.65,37.499587,127.023395,False,False,False
D001,T001,2026-01-01 08:06:40,52.91,0.089,0,2297.2,-8.98,37.499539,127.023355,False,False,False
D001,T001,2026-01-01 08:06:45,44.55,-0.338,0,2184.0,5.0,37.499496,127.023486,False,False,False
D001,T001,2026-01-01 08:06:50,46.12,-0.04,0,2515.6,1.69,37.49941,127.023498,False,False,False
D001,T001,2026-01-01 08:06:55,45.4,-0.38,0,2025.4,-4.3,37.499358,127.023521,False,False,False
D001,T001,2026-01-01 08:07:00,39.07,-0.705,0,2289.0,10.16,37.499392,127.023662,False,False,False
D001,T001,2026-01-01 08:07:05,50.38,0.672,0,2777.0,-3.08,37.499377,127.023629,False,False,False
D001,T001,2026-01-01 08:07:10,43.13,0.039,0,2477.6,0.22,37.499403,127.023544,False,False,False
D001,T001,2026-01-01 08:07:15,45.99,0.202,0,2355.2,1.88,37.499432,127.023504,False,False,False
D001,T001,2026-01-01 08:07:20,48.75,0.119,0,2680.1,-4.34,37.499538,127.023545,False,False,False
D001,T001,2026-01-01 08:07:25,48.0,0.038,0,2682.9,3.3,37.499511,127.023404,False,False,False
D001,T002,2026-01-01 10:00:00,44.22,-0.34,0,2285.7,-10.55,37.500059,127.025857,False,False,False
D001,T002,2026-01-01 10:00:05,45.59,-0.36,0,2264.8,-6.9,37.500089,127.025774,False,False,False
D001,T002,2026-01-01 10:00:10,58.67,0.912,0,3234.3,-6.03,37.500139,127.025795,False,False,False
D001,T002,2026-01-01 10:00:15,42.26,-1.003,0,1944.4,17.2,37.500027,127.025914,False,False,False
D001,T002,2026-01-01 10:00:20,33.07,-0.791,0,1645.1,12.61,37.500053,127.026166,False,False,False
D001,T002,2026-01-01 10:00:25,62.28,4.665,0,4080.1,-2.88,37.500029,127.026114,True,False,False
D001,T002,2026-01-01 10:00:30,69.39,0.706,0,3088.2,-2.55,37.499991,127.026243,False,False,False
D001,T002,2026-01-01 10:00:35,48.91,-1.764,1,2195.1,-8.04,37.50006,127.026265,False,False,False
D001,T002,2026-01-01 10:00:40,38.45,-0.994,0,1957.0,-13.36,37.500179,127.026251,False,False,False
D001,T002,2026-01-01 10:00:45,50.2,0.392,0,2616.7,-0.82,37.500322,127.02629,False,False,False
D001,T002,2026-01-01 10:00:50,50.7,0.434,0,2955.1,-6.98,37.500427,127.026296,False,False,False
D001,T002,2026-01-01 10:00:55,51.61,0.129,0,2521.0,-0.59,37.500419,127.026306,False,False,False
D001,T002,2026-01-01 10:01:00,45.29,-0.135,0,2730.9,-11.2,37.500447,127.026269,False,False,False
D001,T002,2026-01-01 10:01:05,57.28,0.345,0,2832.8,-5.33,37.500508,127.026143,False,False,False
D001,T002,2026-01-01 10:01:10,56.89,-0.333,0,2481.4,1.04,37.500518,127.026004,False,False,False
D001,T002,2026-01-01 10:01:15,42.66,-0.661,0,2167.6,2.56,37.500528,127.026063,False,False,False
D001,T002,2026-01-01 10:01:20,58.04,0.865,0,2819.7,2.92,37.500594,127.026038,False,False,False
D001,T002,2026-01-01 10:01:25,67.45,0.672,0,3155.7,-9.24,37.500589,127.025984,False,False,False
D001,T002,2026-01-01 10:01:30,53.98,-0.795,0,2582.0,5.98,37.500531,127.025985,False,False,False
D001,T002,2026-01-01 10:01:35,50.14,-0.135,0,2625.3,-5.6,37.500498,127.026057,False,False,False
D001,T002,2026-01-01 10:01:40,51.21,0.103,0,2501.8,4.43,37.500549,127.026073,False,False,False
D001,T002,2026-01-01 10:01:45,56.21,0.492,0,3047.2,-0.07,37.500549,127.026014,False,False,False
D001,T002,2026-01-01 10:01:50,39.3,-0.709,0,2238.6,-9.63,37.500576,127.026124,False,False,False
D001,T002,2026-01-01 10:01:55,52.15,0.259,0,2938.6,-2.21,37.50063,127.026266,False,False,False
D001,T002,2026-01-01 10:02:00,47.68,-0.872,0,2374.8,2.56,37.5006,127.026311,False,False,False
D001,T002,2026-01-01 10:02:05,62.98,1.123,0,3483.7,4.29,37.50066,127.026398,False,False,False
D001,T002,2026-01-01 10:02:10,48.24,-0.483,0,2045.2,-0.99,37.500691,127.02651,False,False,False
D001,T002,2026-01-01 10:02:15,60.64,0.4,0,2942.5,10.72,37.500592,127.026612,False,False,False
D001,T002,2026-01-01 10:02:20,40.49,-1.629,1,1712.0,7.05,37.500707,127.026667,False,False,False
D001,T002,2026-01-01 10:02:25,51.85,0.655,0,2778.2,-1.8,37.500667,127.026721,False,False,False
D001,T002,2026-01-01 10:02:30,49.44,0.126,0,2455.6,5.25,37.500535,127.026768,False,False,False
D001,T002,2026-01-01 10:02:35,40.58,0.011,0,2202.3,13.54,37.500451,127.026669,False,False,False
D001,T002,2026-01-01 10:02:40,47.45,0.523,0,2917.0,13.72,37.500369,127.026732,False,False,False
D001,T002,2026-01-01 10:02:45,54.23,0.271,0,2722.9,-8.6,37.500374,127.02661,False,False,False
D001,T002,2026-01-01 10:02:50,42.91,-0.873,0,2191.2,-6.49,37.500352,127.026539,False,False,False
D001,T002,2026-01-01 10:02:55,32.84,-0.553,0,1803.0,10.39,37.500325,127.026656,False,False,False
D001,T002,2026-01-01 10:03:00,44.24,0.546,0,2487.8,-7.41,37.500374,127.026732,False,False,False
D001,T002,2026-01-01 10:03:05,37.63,-0.647,0,1988.0,-9.26,37.500402,127.026865,False,False,False
D001,T002,2026-01-01 10:03:10,41.35,0.775,0,2507.2,-3.4,37.500427,127.026841,False,False,False
D001,T002,2026-01-01 10:03:15,43.01,0.588,0,2651.6,2.94,37.50046,127.026737,False,False,False
D001,T002,2026-01-01 10:03:20,31.43,-0.323,0,2144.0,-0.72,37.500509,127.026716,False,False,False
D001,T002,2026-01-01 10:03:25,31.92,-0.229,0,1940.4,-4.55,37.50034,127.026725,False,False,False
D001,T002,2026-01-01 10:03:30,46.67,1.052,0,2774.3,-4.72,37.500311,127.026732,False,False,False
D001,T002,2026-01-01 10:03:35,39.62,-0.211,0,1943.3,-4.99,37.500137,127.026834,False,False,False
D001,T002,2026-01-01 10:03:40,25.31,-0.666,0,1548.0,-6.16,37.50014,127.026801,False,False,False
D001,T002,2026-01-01 10:03:45,49.08,1.66,0,3053.2,15.97,37.500139,127.026833,False,False,False
D001,T002,2026-01-01 10:03:50,45.68,-0.011,0,2556.6,2.08,37.500223,127.026744,False,False,False
D001,T002,2026-01-01 10:03:55,39.0,-0.163,0,2178.3,6.21,37.500318,127.026785,False,False,False
D001,T002,2026-01-01 10:04:00,35.07,-0.04,0,2193.3,-3.42,37.500334,127.026785,False,False,False
D001,T002,2026-01-01 10:04:05,50.6,0.952,0,2868.3,-1.3,37.500294,127.026717,False,False,False
D001,T002,2026-01-01 10:04:10,47.51,-0.667,0,2534.8,-4.99,37.500333,127.026696,False,False,False
D001,T002,2026-01-01 10:04:15,62.28,0.838,0,3204.0,-18.56,37.500291,127.02668,False,False,False
D001,T002,2026-01-01 10:04:20,48.91,-0.893,0,2252.4,-9.65,37.50029,127.026655,False,False,False
D001,T002,2026-01-01 10:04:25,49.14,-0.343,0,2505.6,-12.67,37.500369,127.026815,False,False,False
D001,T002,2026-01-01 10:04:30,45.81,0.284,0,1942.7,-15.75,37.500325,127.026806,False,False,False
D001,T002,2026-01-01 10:04:35,53.35,0.897,0,2930.0,-8.37,37.500389,127.026784,False,False,False
D001,T002,2026-01-01 10:04:40,52.6,0.337,0,2055.7,9.27,37.500443,127.026595,False,False,False
D001,T002,2026-01-01 10:04:45,57.58,0.346,0,2573.6,-0.31,37.500367,127.026515,False,False,False
D001,T002,2026-01-01 10:04:50,45.69,-0.281,0,2423.0,9.03,37.500445,127.026491,False,False,False
D001,T002,2026-01-01 10:04:55,46.84,0.067,0,2543.2,2.88,37.500501,127.026429,False,False,False
D001,T002,2026-01-01 10:05:00,47.07,0.069,0,2256.2,5.48,37.500509,127.026554,False,False,False
D001,T002,2026-01-01 10:05:05,56.49,0.216,0,2689.8,-6.31,37.500448,127.026539,False,False,False
D001,T002,2026-01-01 10:05:10,61.96,0.413,0,3294.2,3.67,37.500379,127.026655,False,False,False
D001,T002,2026-01-01 10:05:15,48.61,-0.72,0,2257.3,5.1,37.500336,127.02666,False,False,False
D001,T002,2026-01-01 10:05:20,49.21,-0.329,0,2854.4,-4.04,37.50038,127.026664,False,False,False
D001,T002,2026-01-01 10:05:25,54.77,0.293,0,2776.2,3.92,37.500303,127.026656,False,False,False
D001,T002,2026-01-01 10:05:30,51.13,-0.223,0,2612.6,3.96,37.500338,127.026656,False,False,False
D001,T002,2026-01-01 10:05:35,59.88,0.983,0,3393.1,-3.85,37.500239,127.026811,False,False,False
D001,T002,2026-01-01 10:05:40,37.52,-0.985,0,1932.8,-7.86,37.500223,127.026602,False,False,False
D001,T002,2026-01-01 10:05:45,47.7,0.565,0,2415.7,-8.29,37.500231,127.026422,False,False,False
D001,T002,2026-01-01 10:05:50,48.1,0.091,0,2485.5,0.61,37.500427,127.026373,False,False,False
D001,T002,2026-01-01 10:05:55,37.27,-0.585,0,1982.1,2.29,37.500317,127.026374,False,False,False
D001,T002,2026-01-01 10:06:00,46.77,0.468,0,2297.6,-5.55,37.500434,127.026436,False,False,False
D001,T002,2026-01-01 10:06:05,46.97,-0.29,0,2337.0,0.19,37.500446,127.026479,False,False,False
D001,T002,2026-01-01 10:06:10,51.82,0.226,0,2528.1,3.99,37.500479,127.026444,False,False,False
D001,T002,2026-01-01 10:06:15,60.83,0.289,0,3148.2,4.33,37.500489,127.026536,False,False,False
D001,T002,2026-01-01 10:06:20,50.93,-0.894,0,2391.2,10.86,37.500524,127.026629,False,False,False
D001,T002,2026-01-01 10:06:25,45.07,-0.181,0,2291.8,8.94,37.500512,127.026645,False,False,False
D001,T002,2026-01-01 10:06:30,51.57,0.467,0,2686.9,-7.01,37.500628,127.026732,False,False,False
D001,T002,2026-01-01 10:06:35,58.87,-0.094,0,2871.3,11.79,37.500592,127.026757,False,False,False
D001,T002,2026-01-01 10:06:40,44.14,-0.848,0,2275.2,-3.72,37.500683,127.026706,False,False,False
D001,T002,2026-01-01 10:06:45,44.13,0.277,0,2231.5,7.31,37.500631,127.026769,False,False,False
D001,T002,2026-01-01 10:06:50,54.0,0.839,0,2683.1,0.48,37.500626,127.026779,False,False,False
D001,T002,2026-01-01 10:06:55,48.0,-0.046,0,2670.6,-2.89,37.50054,127.026779,False,False,False
D001,T002,2026-01-01 10:07:00,53.57,0.318,0,2667.2,-12.65,37.500577,127.026911,False,False,False
D001,T002,2026-01-01 10:07:05,48.32,-0.525,0,2122.6,-1.2,37.500692,127.026691,False,False,False
D001,T002,2026-01-01 10:07:10,52.77,-0.056,0,2711.8,-10.92,37.500686,127.026563,False,False,False
D001,T002,2026-01-01 10:07:15,39.99,-0.609,0,2159.2,6.77,37.50067,127.026456,False,False,False
D001,T002,2026-01-01 10:07:20,46.68,0.475,0,2266.0,10.62,37.500581,127.026424,False,False,False
D001,T002,2026-01-01 10:07:25,44.81,0.255,0,2471.0,-5.58,37.500563,127.026401,False,False,False
D001,T003,2026-01-01 12:00:00,50.1,-0.147,0,2486.9,-2.11,37.500006,127.028791,False,False,False
D001,T003,2026-01-01 12:00:05,43.38,-0.658,0,2103.8,-12.97,37.499952,127.028812,False,False,False
D001,T003,2026-01-01 12:00:10,44.69,0.715,0,2721.0,-2.28,37.499995,127.028983,False,False,False
D001,T003,2026-01-01 12:00:15,55.13,0.667,0,3086.7,-2.29,37.500228,127.028942,False,False,False
D001,T003,2026-01-01 12:00:20,49.89,-0.493,0,2407.2,-1.04,37.500086,127.028966,False,False,False
D001,T003,2026-01-01 12:00:25,62.94,0.975,0,2820.3,-3.94,37.500112,127.029058,False,False,False
D001,T003,2026-01-01 12:00:30,47.74,-0.869,0,2393.0,-3.1,37.500051,127.029043,False,False,False
D001,T003,2026-01-01 12:00:35,58.59,0.529,0,3058.3,-0.28,37.500097,127.028991,False,False,False
D001,T003,2026-01-01 12:00:40,52.63,-0.173,0,2657.1,3.1,37.500101,127.028786,False,False,False
D001,T003,2026-01-01 12:00:45,57.83,-0.072,0,2977.2,-2.13,37.500162,127.028844,False,False,False
D001,T003,2026-01-01 12:00:50,49.36,-0.369,0,2237.4,-2.87,37.500256,127.028834,False,False,False
D001,T003,2026-01-01 12:00:55,52.45,0.702,0,3149.4,0.65,37.500271,127.028743,False,False,False
D001,T003,2026-01-01 12:01:00,52.16,0.114,0,2475.8,-13.45,37.500362,127.028754,False,False,False
D001,T003,2026-01-01 12:01:05,47.17,-0.38,0,2505.1,3.34,37.500174,127.028701,False,False,False
D001,T003,2026-01-01 12:01:10,57.75,0.443,0,2607.3,-0.0,37.500301,127.028654,False,False,False
D001,T003,2026-01-01 12:01:15,57.63,-0.121,0,2615.5,0.28,37.500331,127.028708,False,False,False
D001,T003,2026-01-01 12:01:20,57.14,-0.098,0,3044.2,6.73,37.500417,127.028588,False,False,False
D001,T003,2026-01-01 12:01:25,63.63,0.253,0,3022.1,-13.67,37.50032,127.028682,False,False,False
D001,T003,2026-01-01 12:01:30,62.84,0.211,0,3184.2,-13.82,37.500253,127.028556,False,False,False
D001,T003,2026-01-01 12:01:35,49.67,-1.209,1,2315.3,1.92,37.500265,127.028497,False,False,False
D001,T003,2026-01-01 12:01:40,54.65,0.515,0,2802.5,-0.05,37.500264,127.02867,False,False,False
D001,T003,2026-01-01 12:01:45,47.25,-0.514,0,2589.0,1.19,37.500286,127.028771,False,False,False
D001,T003,2026-01-01 12:01:50,51.42,0.335,0,2629.2,-3.23,37.500373,127.02878,False,False,False
D001,T003,2026-01-01 12:01:55,46.54,-0.583,0,1983.6,4.65,37.500232,127.028696,False,False,False
D001,T003,2026-01-01 12:02:00,61.74,1.209,0,3070.6,6.53,37.50031,127.028648,False,False,False
D001,T003,2026-01-01 12:02:05,52.42,-0.168,0,2694.6,3.39,37.500311,127.028654,False,False,False
D001,T003,2026-01-01 12:02:10,47.82,0.013,0,2550.0,-1.83,37.500294,127.028658,False,False,False
D001,T003,2026-01-01 12:02:15,57.17,0.095,0,2532.6,-14.75,37.500177,127.02865,False,False,False
D001,T003,2026-01-01 12:02:20,32.94,-1.107,1,1595.9,5.38,37.500217,127.028647,False,False,False
D001,T003,2026-01-01 12:02:25,33.49,0.143,0,1915.6,8.55,37.500024,127.028628,False,False,False
D001,T003,2026-01-01 12:02:30,52.69,0.613,0,2710.4,4.51,37.500075,127.028498,False,False,False
D001,T003,2026-01-01 12:02:35,46.96,-0.323,0,2128.0,-6.16,37.499956,127.028451,False,False,False
D001,T003,2026-01-01 12:02:40,47.79,0.147,0,2394.1,4.72,37.49996,127.028534,False,False,False
D001,T003,2026-01-01 12:02:45,36.2,-0.485,0,1842.9,6.02,37.499951,127.028411,False,False,False
D001,T003,2026-01-01 12:02:50,44.92,0.531,0,2632.9,10.91,37.500044,127.028393,False,False,False
D001,T003,2026-01-01 12:02:55,58.78,0.846,0,3180.3,-6.13,37.50003,127.02832,False,False,False
D001,T003,2026-01-01 12:03:00,50.13,-0.067,0,2513.4,-1.59,37.499975,127.02833,False,False,False
D001,T003,2026-01-01 12:03:05,45.22,0.07,0,2332.3,5.23,37.499934,127.028295,False,False,False
D001,T003,2026-01-01 12:03:10,40.54,-1.056,0,2021.4,0.4,37.500036,127.028428,False,False,False
D001,T003,2026-01-01 12:03:15,40.61,-0.085,0,2065.2,-7.82,37.500079,127.028473,False,False,False
D001,T003,2026-01-01 12:03:20,28.2,-0.73,0,1441.8,2.9,37.500048,127.028355,False,False,False
D001,T003,2026-01-01 12:03:25,44.85,0.431,0,2300.4,4.05,37.500029,127.028416,False,False,False
D001,T003,2026-01-01 12:03:30,48.94,0.252,0,2455.0,0.62,37.499904,127.028346,False,False,False
D001,T003,2026-01-01 12:03:35,31.92,-0.592,0,1595.8,1.54,37.499935,127.028294,False,False,False
D001,T003,2026-01-01 12:03:40,38.4,0.055,0,2196.7,-1.81,37.499794,127.028322,False,False,False
D001,T003,2026-01-01 12:03:45,35.04,-0.092,0,2152.5,10.35,37.499854,127.028278,False,False,False
D001,T003,2026-01-01 12:03:50,36.55,-0.171,0,1769.4,-6.3,37.499864,127.028358,False,False,False
D001,T003,2026-01-01 12:03:55,43.95,0.222,0,2397.7,-4.11,37.500055,127.028289,False,False,False
D001,T003,2026-01-01 12:04:00,29.24,-0.401,0,1716.2,0.08,37.499967,127.028233,False,False,False
D001,T003,2026-01-01 12:04:05,48.59,0.917,0,2765.1,6.15,37.499959,127.028174,False,False,False
D001,T003,2026-01-01 12:04:10,49.98,0.206,0,2592.2,-10.48,37.500103,127.028123,False,False,False
D001,T003,2026-01-01 12:04:15,43.27,-0.891,0,1863.7,-9.17,37.500198,127.028222,False,False,False
D001,T003,2026-01-01 12:04:20,28.1,-0.319,0,1507.8,-14.26,37.500143,127.028278,False,False,False
D001,T003,2026-01-01 12:04:25,39.08,0.774,0,2354.3,0.23,37.500161,127.028432,False,False,False
D001,T003,2026-01-01 12:04:30,55.31,0.845,0,3101.7,-7.83,37.500161,127.028636,False,False,False
D001,T003,2026-01-01 12:04:35,27.61,-1.369,1,1089.2,-2.69,37.500183,127.028544,False,False,False
D001,T003,2026-01-01 12:04:40,45.25,0.581,0,2578.4,4.63,37.500127,127.02855,False,False,False
D001,T003,2026-01-01 12:04:45,39.98,0.038,0,2431.8,-4.49,37.50012,127.028444,False,False,False
D001,T003,2026-01-01 12:04:50,54.51,0.712,0,2832.3,1.62,37.499992,127.028374,False,False,False
D001,T003,2026-01-01 12:04:55,44.62,-0.602,0,2333.6,-2.1,37.500003,127.028317,False,False,False
D001,T003,2026-01-01 12:05:00,52.74,0.311,0,2585.0,4.7,37.500039,127.028222,False,False,False
D001,T003,2026-01-01 12:05:05,54.36,-0.072,0,2661.0,3.33,37.500021,127.028128,False,False,False
D001,T003,2026-01-01 12:05:10,63.82,0.715,0,2885.3,-4.84,37.499892,127.028115,False,False,False
D001,T003,2026-01-01 12:05:15,49.9,-0.697,0,1971.2,-1.18,37.499971,127.028005,False,False,False
D001,T003,2026-01-01 12:05:20,54.4,0.43,0,2963.8,7.31,37.5,127.028081,False,False,False
D001,T003,2026-01-01 12:05:25,41.64,-0.707,0,1933.0,2.75,37.499942,127.027998,False,False,False
D001,T003,2026-01-01 12:05:30,60.81,1.201,0,3099.9,-9.78,37.499919,127.028251,False,False,False
D001,T003,2026-01-01 12:05:35,47.3,-0.862,0,2019.1,4.59,37.499799,127.028211,False,False,False
D001,T003,2026-01-01 12:05:40,48.98,0.713,0,2418.3,-7.59,37.499717,127.028217,False,False,False
D001,T003,2026-01-01 12:05:45,52.86,-0.222,0,2566.9,9.89,37.499674,127.0281,False,False,False
D001,T003,2026-01-01 12:05:50,42.11,-0.242,0,2097.3,7.17,37.499773,127.028254,False,False,False
D001,T003,2026-01-01 12:05:55,54.8,1.08,0,3018.8,2.03,37.499721,127.028355,False,False,False
D001,T003,2026-01-01 12:06:00,59.92,0.046,0,2979.0,1.1,37.499773,127.028382,False,False,False
D001,T003,2026-01-01 12:06:05,55.13,0.356,0,2860.6,-1.46,37.49973,127.02826,False,False,False
D001,T003,2026-01-01 12:06:10,41.73,-0.463,0,2210.2,4.75,37.499749,127.028279,False,False,False
D001,T003,2026-01-01 12:06:15,51.86,0.829,0,3079.7,-2.6,37.499738,127.028178,False,False,False
D001,T003,2026-01-01 12:06:20,57.68,0.329,0,2691.2,1.65,37.499808,127.02831,False,False,False
D001,T003,2026-01-01 12:06:25,38.87,-1.098,0,1920.1,6.1,37.499765,127.028383,False,False,False
D001,T003,2026-01-01 12:06:30,44.14,0.233,0,2605.9,-3.93,37.499639,127.028391,False,False,False
D001,T003,2026-01-01 12:06:35,57.48,0.845,0,3217.7,-4.31,37.499529,127.028172,False,False,False
D001,T003,2026-01-01 12:06:40,52.79,0.131,0,2417.7,-8.36,37.499486,127.028084,False,False,False
D001,T003,2026-01-01 12:06:45,53.3,0.079,0,2623.2,-7.45,37.499386,127.028145,False,False,False
D001,T003,2026-01-01 12:06:50,62.95,0.279,0,3296.0,-12.8,37.499419,127.028255,False,False,False
D001,T003,2026-01-01 12:06:55,52.63,-0.34,0,2656.2,5.11,37.499382,127.028354,False,False,False
D001,T003,2026-01-01 12:07:00,53.44,0.301,0,2768.5,12.66,37.499572,127.028211,False,False,False
D001,T003,2026-01-01 12:07:05,67.37,0.951,0,3310.7,9.98,37.499433,127.028238,False,False,False
D001,T003,2026-01-01 12:07:10,46.23,-0.959,0,2141.8,-11.38,37.499449,127.02833,False,False,False
D001,T003,2026-01-01 12:07:15,41.56,-0.333,0,2241.5,5.07,37.499359,127.02818,False,False,False
D001,T003,2026-01-01 12:07:20,49.63,0.187,0,2533.1,9.95,37.499319,127.02818,False,False,False
D001,T003,2026-01-01 12:07:25,49.17,-0.267,0,2455.2,-3.2,37.499331,127.028204,False,False,False
D001,T004,2026-01-01 14:00:00,48.77,0.475,0,2419.0,-3.05,37.500075,127.031997,False,False,False
D001,T004,2026-01-01 14:00:05,34.42,-1.165,1,1804.3,0.71,37.500115,127.031953,False,False,False
D001,T004,2026-01-01 14:00:10,51.02,1.131,0,2941.6,7.94,37.500065,127.03196,False,False,False
D001,T004,2026-01-01 14:00:15,42.12,-1.018,0,2118.1,14.75,37.499939,127.032209,False,False,False
D001,T004,2026-01-01 14:00:20,51.04,-3.619,1,1643.5,-4.04,37.499879,127.032285,False,True,False
D001,T004,2026-01-01 14:00:25,39.18,-0.217,0,2256.4,-0.12,37.499875,127.032379,False,False,False
D001,T004,2026-01-01 14:00:30,54.48,0.98,0,2784.1,12.75,37.499968,127.032455,False,False,False
D001,T004,2026-01-01 14:00:35,58.3,0.258,0,2795.1,-10.66,37.499885,127.032588,False,False,False
D001,T004,2026-01-01 14:00:40,45.92,-0.839,0,2056.7,7.19,37.499878,127.032571,False,False,False
D001,T004,2026-01-01 14:00:45,43.75,-0.111,0,2547.5,-7.13,37.499932,127.032386,False,False,False
D001,T004,2026-01-01 14:00:50,36.84,-0.452,0,2117.2,0.72,37.499742,127.032369,False,False,False
D001,T004,2026-01-01 14:00:55,50.35,0.527,0,2786.7,-1.7,37.499824,127.032442,False,False,False
D001,T004,2026-01-01 14:01:00,48.28,-0.195,0,2673.1,-6.71,37.49973,127.032355,False,False,False
D001,T004,2026-01-01 14:01:05,41.56,-0.316,0,2699.7,-6.88,37.499756,127.032339,False,False,False
D001,T004,2026-01-01 14:01:10,55.69,0.567,0,2560.5,1.93,37.499776,127.032277,False,False,False
D001,T004,2026-01-01 14:01:15,49.28,-0.578,0,2265.4,6.97,37.499863,127.032412,False,False,False
D001,T004,2026-01-01 14:01:20,44.74,-0.629,0,2121.9,-0.91,37.499907,127.032479,False,False,False
D001,T004,2026-01-01 14:01:25,48.28,0.304,0,2405.3,0.49,37.499717,127.032538,False,False,False
D001,T004,2026-01-01 14:01:30,59.55,0.774,0,2851.0,4.0,37.499654,127.032594,False,False,False
D001,T004,2026-01-01 14:01:35,56.0,-0.132,0,2671.0,-6.8,37.499665,127.032591,False,False,False
D001,T004,2026-01-01 14:01:40,50.55,-0.032,0,2342.7,5.18,37.499649,127.032608,False,False,False
D001,T004,2026-01-01 14:01:45,55.47,0.296,0,2861.4,5.74,37.499688,127.032502,False,False,False
D001,T004,2026-01-01 14:01:50,42.53,-0.605,0,2172.3,18.23,37.499751,127.032305,False,False,False
D001,T004,2026-01-01 14:01:55,50.5,0.524,0,2769.1,-2.63,37.499799,127.032318,False,False,False
D001,T004,2026-01-01 14:02:00,50.83,-0.008,0,2667.9,-3.21,37.499782,127.032348,False,False,False
D001,T004,2026-01-01 14:02:05,45.95,-0.417,0,2429.2,5.38,37.499635,127.032456,False,False,False
D001,T004,2026-01-01 14:02:10,51.87,0.943,0,2753.8,5.73,37.499598,127.032598,False,False,False
D001,T004,2026-01-01 14:02:15,42.74,-0.63,0,2546.5,-3.75,37.499631,127.032739,False,False,False
D001,T004,2026-01-01 14:02:20,51.25,0.285,0,2697.4,-2.82,37.499544,127.032649,False,False,False
D001,T004,2026-01-01 14:02:25,51.01,0.107,0,2272.5,3.79,37.499595,127.032618,False,False,False
D001,T004,2026-01-01 14:02:30,26.02,-1.309,1,1266.1,-5.79,37.499667,127.032661,False,False,False
D001,T004,2026-01-01 14:02:35,54.37,1.174,0,2643.6,-2.87,37.499678,127.032889,False,False,False
D001,T004,2026-01-01 14:02:40,24.02,-1.363,1,1370.0,0.63,37.499432,127.033022,False,False,False
D001,T004,2026-01-01 14:02:45,40.65,0.892,0,2406.5,6.97,37.49933,127.033123,False,False,False
D001,T004,2026-01-01 14:02:50,51.72,0.301,0,2590.3,-4.23,37.499481,127.033088,False,False,False
D001,T004,2026-01-01 14:02:55,41.86,-0.213,0,2588.5,-12.9,37.499437,127.033008,False,False,False
D001,T004,2026-01-01 14:03:00,33.4,-0.293,0,2020.0,-13.42,37.499279,127.033079,False,False,False
D001,T004,2026-01-01 14:03:05,35.64,-0.228,0,2142.3,-8.82,37.499377,127.03298,False,False,False
D001,T004,2026-01-01 14:03:10,50.35,1.306,0,2681.8,-9.19,37.499379,127.032959,False,False,False
D001,T004,2026-01-01 14:03:15,29.36,-0.975,0,1454.0,-1.08,37.499467,127.032948,False,False,False
D001,T004,2026-01-01 14:03:20,50.68,1.174,0,2838.0,-8.32,37.499489,127.033092,False,False,False
D001,T004,2026-01-01 14:03:25,42.27,-0.022,0,2313.7,-4.92,37.499526,127.03306,False,False,False
D001,T004,2026-01-01 14:03:30,34.21,-0.401,0,1590.8,-5.42,37.499555,127.03284,False,False,False
D001,T004,2026-01-01 14:03:35,38.51,0.229,0,2177.2,-3.08,37.499611,127.032886,False,False,False
D001,T004,2026-01-01 14:03:40,35.49,-0.35,0,1982.3,9.26,37.499793,127.032823,False,False,False
D001,T004,2026-01-01 14:03:45,48.91,0.902,0,2672.9,4.63,37.499871,127.032827,False,False,False
D001,T004,2026-01-01 14:03:50,48.17,0.092,0,2361.7,0.11,37.499744,127.032819,False,False,False
D001,T004,2026-01-01 14:03:55,31.14,-0.936,0,1605.9,-3.23,37.49978,127.032794,False,False,False
D001,T004,2026-01-01 14:04:00,40.69,0.307,0,2269.1,-3.03,37.499871,127.032865,False,False,False
D001,T004,2026-01-01 14:04:05,37.8,-0.123,0,2124.6,2.29,37.499967,127.032727,False,False,False
D001,T004,2026-01-01 14:04:10,53.39,0.841,0,2959.3,4.09,37.499933,127.032681,False,False,False
D001,T004,2026-01-01 14:04:15,35.16,-1.377,1,1937.0,-6.35,37.500026,127.032742,False,False,False
D001,T004,2026-01-01 14:04:20,56.4,0.763,0,2882.5,0.26,37.500101,127.032687,False,False,False
D001,T004,2026-01-01 14:04:25,45.38,-0.451,0,2211.8,-14.22,37.500306,127.032542,False,False,False
D001,T004,2026-01-01 14:04:30,37.87,-1.138,1,1966.0,1.48,37.500246,127.032603,False,False,False
D001,T004,2026-01-01 14:04:35,41.84,0.276,0,2443.2,5.34,37.500206,127.032704,False,False,False
D001,T004,2026-01-01 14:04:40,41.5,-0.152,0,2149.5,-1.96,37.500181,127.0327,False,False,False
D001,T004,2026-01-01 14:04:45,38.77,0.213,0,2357.4,12.72,37.500142,127.032523,False,False,False
D001,T004,2026-01-01 14:04:50,48.96,0.425,0,2784.5,-6.17,37.500071,127.032587,False,False,False
D001,T004,2026-01-01 14:04:55,40.21,-0.3,0,2383.6,1.52,37.49985,127.032437,False,False,False
D001,T004,2026-01-01 14:05:00,34.01,-0.452,0,2227.0,-0.25,37.499815,127.032465,False,False,False
D001,T004,2026-01-01 14:05:05,47.21,0.76,0,2466.4,-0.7,37.499845,127.032385,False,False,False
D001,T004,2026-01-01 14:05:10,37.68,-0.321,0,2063.1,-0.8,37.499805,127.032281,False,False,False
D001,T004,2026-01-01 14:05:15,45.51,0.303,0,2466.2,0.75,37.49996,127.032241,False,False,False
D001,T004,2026-01-01 14:05:20,44.84,0.24,0,2409.7,5.94,37.499961,127.032225,False,False,False
D001,T004,2026-01-01 14:05:25,45.43,-0.244,0,2224.0,9.64,37.500064,127.032167,False,False,False
D001,T004,2026-01-01 14:05:30,65.98,1.216,0,3093.5,-0.02,37.500085,127.03222,False,False,False
D001,T004,2026-01-01 14:05:35,52.56,-0.484,0,2547.3,5.71,37.500151,127.032179,False,False,False
D001,T004,2026-01-01 14:05:40,54.11,0.269,0,2610.6,-4.91,37.500174,127.032268,False,False,False
D001,T004,2026-01-01 14:05:45,40.06,-0.242,0,2174.2,5.36,37.500283,127.032293,False,False,False
D001,T004,2026-01-01 14:05:50,48.02,0.227,0,2389.6,-5.33,37.500288,127.03223,False,False,False
D001,T004,2026-01-01 14:05:55,54.11,-0.047,0,2481.3,7.63,37.500327,127.032152,False,False,False
D001,T004,2026-01-01 14:06:00,45.29,-0.763,0,2264.0,15.47,37.500357,127.032004,False,False,False
D001,T004,2026-01-01 14:06:05,58.82,0.93,0,3081.6,-0.85,37.500334,127.03203,False,False,False
D001,T004,2026-01-01 14:06:10,43.79,-0.691,0,2291.0,-15.35,37.500366,127.031998,False,False,False
D001,T004,2026-01-01 14:06:15,50.02,0.372,0,3026.0,-3.84,37.500545,127.031785,False,False,False
D001,T004,2026-01-01 14:06:20,47.58,-0.447,0,2419.5,8.62,37.500523,127.031736,False,False,False
D001,T004,2026-01-01 14:06:25,52.56,0.488,0,2831.7,3.87,37.500557,127.031655,False,False,False
D001,T004,2026-01-01 14:06:30,46.46,-0.677,0,2086.9,1.74,37.500657,127.031797,False,False,False
D001,T004,2026-01-01 14:06:35,48.68,0.445,0,2371.3,7.06,37.500749,127.031644,False,False,False
D001,T004,2026-01-01 14:06:40,48.56,0.788,0,2959.2,3.39,37.50075,127.031514,False,False,False
D001,T004,2026-01-01 14:06:45,44.56,-0.119,0,2172.8,8.52,37.500559,127.031614,False,False,False
D001,T004,2026-01-01 14:06:50,52.65,0.609,0,2586.3,6.44,37.5006,127.031736,False,False,False
D001,T004,2026-01-01 14:06:55,50.36,-0.264,0,2497.1,10.65,37.500423,127.031669,False,False,False
D001,T004,2026-01-01 14:07:00,47.44,-0.665,0,2300.6,2.51,37.50054,127.031612,False,False,False
D001,T004,2026-01-01 14:07:05,44.45,-0.333,0,2125.8,6.34,37.500554,127.031668,False,False,False
D001,T004,2026-01-01 14:07:10,52.51,0.14,0,2611.2,-2.15,37.500634,127.031458,False,False,False
D001,T004,2026-01-01 14:07:15,44.63,-0.837,0,2404.7,-4.21,37.500562,127.031291,False,False,False
D001,T004,2026-01-01 14:07:20,43.66,0.425,0,2282.8,11.95,37.500437,127.031266,False,False,False
D001,T004,2026-01-01 14:07:25,46.05,0.208,0,2210.7,1.51,37.500458,127.031405,False,False,False
D002,T001,2026-01-01 16:00:00,76.08,0.057,0,3539.5,-6.32,37.504914,127.023027,False,False,False
D002,T001,2026-01-01 16:00:05,66.39,-0.207,0,3253.7,-0.53,37.504763,127.022961,False,False,False
D002,T001,2026-01-01 16:00:10,56.19,-0.813,0,2650.9,-3.16,37.504772,127.022964,False,False,False
D002,T001,2026-01-01 16:00:15,65.72,0.25,0,3156.2,-7.97,37.504592,127.02282,False,False,False
D002,T001,2026-01-01 16:00:20,87.74,1.161,0,4090.7,-3.09,37.504487,127.022947,False,False,False
D002,T001,2026-01-01 16:00:25,74.96,-0.475,0,3284.0,-3.32,37.504444,127.022885,False,False,False
D002,T001,2026-01-01 16:00:30,41.15,-2.236,1,1653.2,-4.7,37.504377,127.023068,False,False,False
D002,T001,2026-01-01 16:00:35,64.1,0.803,0,3125.3,-2.21,37.504409,127.023065,False,False,False
D002,T001,2026-01-01 16:00:40,94.67,1.916,0,4756.7,8.25,37.504433,127.023158,False,False,False
D002,T001,2026-01-01 16:00:45,64.84,-1.814,1,2635.8,1.39,37.504505,127.023153,False,False,False
D002,T001,2026-01-01 16:00:50,41.14,-1.417,1,1795.6,17.3,37.504565,127.02315,False,False,False
D002,T001,2026-01-01 16:00:55,97.07,2.57,0,4622.9,1.19,37.504656,127.023098,True,False,False
D002,T001,2026-01-01 16:01:00,78.93,-1.19,1,3469.8,-2.03,37.504656,127.023108,False,False,False
D002,T001,2026-01-01 16:01:05,67.67,-0.624,0,3135.1,0.03,37.50468,127.023137,False,False,False
D002,T001,2026-01-01 16:01:10,63.19,0.012,0,3101.8,1.8,37.504721,127.023066,False,False,False
D002,T001,2026-01-01 16:01:15,85.09,0.994,0,3915.5,3.05,37.504733,127.023055,False,False,False
D002,T001,2026-01-01 16:01:20,60.53,-0.894,0,2814.7,14.54,37.504701,127.023,False,False,False
D002,T001,2026-01-01 16:01:25,85.89,1.209,0,3920.3,-5.92,37.504674,127.023207,False,False,False
D002,T001,2026-01-01 16:01:30,76.51,-0.708,0,3249.0,6.01,37.504609,127.023199,False,False,False
D002,T001,2026-01-01 16:01:35,71.81,0.168,0,3503.1,1.45,37.504643,127.023338,False,False,False
D002,T001,2026-01-01 16:01:40,70.01,-0.041,0,3378.6,-11.0,37.504635,127.02332,False,False,False
D002,T001,2026-01-01 16:01:45,64.78,-0.442,0,2778.8,5.39,37.504582,127.023344,False,False,False
D002,T001,2026-01-01 16:01:50,82.8,0.951,0,3720.6,8.87,37.504529,127.023225,False,False,False
D002,T001,2026-01-01 16:01:55,53.54,-1.238,1,2417.6,-6.0,37.504432,127.023185,False,False,False
D002,T001,2026-01-01 16:02:00,41.69,-0.247,0,2523.8,-0.06,37.504511,127.023204,False,False,False
D002,T001,2026-01-01 16:02:05,74.92,1.607,0,3405.9,-12.08,37.504517,127.023346,False,False,False
D002,T001,2026-01-01 16:02:10,74.64,-0.027,0,3431.8,-8.81,37.504448,127.023366,False,False,False
D002,T001,2026-01-01 16:02:15,71.81,-0.131,0,3015.2,7.34,37.504513,127.023491,False,False,False
D002,T001,2026-01-01 16:02:20,70.13,-0.367,0,3039.4,-3.26,37.504468,127.023549,False,False,False
D002,T001,2026-01-01 16:02:25,58.57,-0.653,0,2632.1,-7.76,37.504355,127.023695,False,False,False
D002,T001,2026-01-01 16:02:30,74.75,0.894,0,3512.5,1.61,37.504437,127.02369,False,False,False
D002,T001,2026-01-01 16:02:35,61.67,-0.405,0,2761.5,-3.66,37.504394,127.023905,False,False,False
D002,T001,2026-01-01 16:02:40,54.51,-0.059,0,2691.9,-3.3,37.504361,127.023861,False,False,False
D002,T001,2026-01-01 16:02:45,56.65,0.026,0,2685.6,5.18,37.504364,127.023792,False,False,False
D002,T001,2026-01-01 16:02:50,91.4,1.858,0,4103.1,-8.13,37.504456,127.023683,False,False,False
D002,T001,2026-01-01 16:02:55,34.28,-2.967,1,1503.1,-6.34,37.504457,127.023893,False,False,False
D002,T001,2026-01-01 16:03:00,67.62,1.677,0,3653.4,1.08,37.504362,127.023967,False,False,False
D002,T001,2026-01-01 16:03:05,34.39,-1.67,1,1803.8,6.79,37.504405,127.023937,False,False,False
D002,T001,2026-01-01 16:03:10,57.82,1.268,0,2817.6,8.67,37.504366,127.024049,False,False,False
D002,T001,2026-01-01 16:03:15,52.64,-0.556,0,2571.3,-4.66,37.504517,127.024111,False,False,False
D002,T001,2026-01-01 16:03:20,27.49,-1.654,1,1542.6,6.56,37.504517,127.024288,False,False,False
D002,T001,2026-01-01 16:03:25,64.78,2.46,0,3408.3,-5.49,37.504338,127.024149,False,False,False
D002,T001,2026-01-01 16:03:30,53.11,-0.688,0,2506.0,12.78,37.504367,127.024125,False,False,False
D002,T001,2026-01-01 16:03:35,27.21,-0.973,0,1540.1,-7.94,37.504523,127.024083,False,False,False
D002,T001,2026-01-01 16:03:40,71.63,2.309,0,4125.1,9.3,37.504649,127.023906,False,False,False
D002,T001,2026-01-01 16:03:45,80.76,0.585,0,4071.1,-4.6,37.504795,127.024001,False,False,False
D002,T001,2026-01-01 16:03:50,81.86,0.726,0,3493.6,14.09,37.504714,127.023977,False,False,False
D002,T001,2026-01-01 16:03:55,64.99,-1.225,1,3239.2,4.14,37.504786,127.024043,False,False,False
D002,T001,2026-01-01 16:04:00,60.51,-0.776,0,2571.8,-7.11,37.504729,127.024256,False,False,False
D002,T001,2026-01-01 16:04:05,80.26,1.448,0,4073.8,-3.66,37.504747,127.024224,False,False,False
D002,T001,2026-01-01 16:04:10,85.98,0.086,0,3966.7,5.47,37.504645,127.024186,False,False,False
D002,T001,2026-01-01 16:04:15,78.12,-0.439,0,3230.4,7.37,37.504593,127.024197,False,False,False
D002,T001,2026-01-01 16:04:20,47.24,-1.867,1,2134.3,-0.5,37.504539,127.024285,False,False,False
D002,T001,2026-01-01 16:04:25,65.01,1.055,0,3273.3,0.31,37.504611,127.024234,False,False,False
D002,T001,2026-01-01 16:04:30,69.11,-0.039,0,3290.9,5.31,37.504675,127.024178,False,False,False
D002,T001,2026-01-01 16:04:35,35.68,-1.895,1,1687.9,0.92,37.504697,127.024273,False,False,False
D002,T001,2026-01-01 16:04:40,70.67,2.056,0,3920.2,-9.05,37.504589,127.024307,False,False,False
D002,T001,2026-01-01 16:04:45,98.43,1.252,0,4485.4,-5.69,37.504564,127.024123,False,False,False
D002,T001,2026-01-01 16:04:50,74.3,-1.526,1,3010.2,1.65,37.504505,127.024013,False,False,False
D002,T001,2026-01-01 16:04:55,86.91,-3.573,1,3216.4,8.51,37.504574,127.024148,False,True,False
D002,T001,2026-01-01 16:05:00,67.91,-1.446,1,2945.2,11.31,37.504668,127.024184,False,False,False
D002,T001,2026-01-01 16:05:05,64.53,-0.304,0,3109.0,5.46,37.504753,127.024115,False,False,False
D002,T001,2026-01-01 16:05:10,71.88,0.438,0,3270.6,2.01,37.504693,127.0241,False,False,False
D002,T001,2026-01-01 16:05:15,54.23,-1.085,0,2266.9,5.24,37.504473,127.024101,False,False,False
D002,T001,2026-01-01 16:05:20,52.38,-0.177,0,2489.9,-4.67,37.504332,127.024167,False,False,False
D002,T001,2026-01-01 16:05:25,86.41,1.872,0,4088.2,-1.07,37.504446,127.024045,False,False,False
D002,T001,2026-01-01 16:05:30,88.3,-0.078,0,3976.4,-5.77,37.504414,127.023969,False,False,False
D002,T001,2026-01-01 16:05:35,52.88,-1.762,1,2436.0,-8.74,37.504354,127.023994,False,False,False
D002,T001,2026-01-01 16:05:40,82.71,2.045,0,4084.1,2.33,37.504485,127.023985,False,False,False
D002,T001,2026-01-01 16:05:45,66.9,-1.002,0,3161.6,1.3,37.504586,127.024036,False,False,False
D002,T001,2026-01-01 16:05:50,73.43,0.496,0,3702.0,4.81,37.504588,127.023926,False,False,False
D002,T001,2026-01-01 16:05:55,75.25,0.034,0,3459.8,3.82,37.504565,127.023958,False,False,False
D002,T001,2026-01-01 16:06:00,83.28,0.545,0,3653.4,1.7,37.504554,127.024056,False,False,False
D002,T001,2026-01-01 16:06:05,69.45,-0.327,0,3423.0,3.9,37.504572,127.0241,False,False,False
D002,T001,2026-01-01 16:06:10,89.34,1.239,0,4149.3,-0.3,37.5047,127.024112,False,False,False
D002,T001,2026-01-01 16:06:15,72.43,-1.427,1,3021.6,2.89,37.504734,127.024104,False,False,False
D002,T001,2026-01-01 16:06:20,76.92,0.374,0,3486.2,-5.08,37.504792,127.024029,False,False,False
D002,T001,2026-01-01 16:06:25,54.61,-0.888,0,2351.4,2.59,37.504886,127.024022,False,False,False
D002,T001,2026-01-01 16:06:30,99.4,2.41,0,4495.5,4.68,37.504792,127.024136,False,False,False
D002,T001,2026-01-01 16:06:35,73.51,-1.152,1,3209.6,-4.69,37.504853,127.024125,False,False,False
D002,T001,2026-01-01 16:06:40,76.69,-0.016,0,3312.9,0.36,37.504829,127.024045,False,False,False
D002,T001,2026-01-01 16:06:45,41.09,-2.378,1,2274.9,-4.37,37.504628,127.024,False,False,False
D002,T001,2026-01-01 16:06:50,52.44,0.665,0,2583.8,-3.69,37.504457,127.024019,False,False,False
D002,T001,2026-01-01 16:06:55,82.95,1.196,0,3707.1,-7.87,37.504376,127.023985,False,False,False
D002,T001,2026-01-01 16:07:00,68.03,-0.89,0,3059.1,8.86,37.504418,127.024029,False,False,False
D002,T001,2026-01-01 16:07:05,34.29,-1.504,1,1960.1,7.46,37.504428,127.024076,False,False,False
D002,T001,2026-01-01 16:07:10,78.24,1.895,0,3938.7,3.76,37.504442,127.024156,False,False,False
D002,T001,2026-01-01 16:07:15,53.76,-1.707,1,2405.3,13.81,37.504598,127.024284,False,False,False
D002,T001,2026-01-01 16:07:20,82.71,1.311,0,3618.8,-1.32,37.504497,127.024373,False,False,False
D002,T001,2026-01-01 16:07:25,59.56,-1.295,1,2468.2,21.22,37.504495,127.024289,False,False,False
D002,T002,2026-01-01 18:00:00,60.55,-0.301,0,2447.4,-4.43,37.504981,127.025996,False,False,False
D002,T002,2026-01-01 18:00:05,68.43,0.677,0,2961.3,3.93,37.505086,127.026117,False,False,False
D002,T002,2026-01-01 18:00:10,59.1,-0.649,0,2739.9,0.96,37.505137,127.026279,False,False,False
D002,T002,2026-01-01 18:00:15,71.29,0.824,0,3390.6,-3.14,37.505042,127.026319,False,False,False
D002,T002,2026-01-01 18:00:20,78.84,0.722,0,3490.2,-7.35,37.505055,127.026285,False,False,False
D002,T002,2026-01-01 18:00:25,65.01,-0.557,0,2949.8,1.87,37.505187,127.02651,False,False,False
D002,T002,2026-01-01 18:00:30,94.05,1.855,0,4476.6,-8.49,37.505172,127.026471,False,False,False
D002,T002,2026-01-01 18:00:35,71.21,-1.581,1,3093.6,2.99,37.505208,127.02642,False,False,False
D002,T002,2026-01-01 18:00:40,72.1,0.359,0,3404.9,18.39,37.505252,127.02626,False,False,False
D002,T002,2026-01-01 18:00:45,54.59,-1.204,1,2662.4,9.45,37.505169,127.026386,False,False,False
D002,T002,2026-01-01 18:00:50,74.92,1.194,0,3661.4,5.03,37.50521,127.026473,False,False,False
D002,T002,2026-01-01 18:00:55,66.8,-0.376,0,3017.9,-0.6,37.505098,127.02669,False,False,False
D002,T002,2026-01-01 18:01:00,59.82,-0.25,0,3020.4,-13.57,37.505048,127.026565,False,False,False
D002,T002,2026-01-01 18:01:05,57.39,-0.04,0,2616.4,-9.26,37.505134,127.026697,False,False,False
D002,T002,2026-01-01 18:01:10,109.47,2.639,0,5659.4,8.98,37.505163,127.026703,True,False,True
D002,T002,2026-01-01 18:01:15,65.08,-2.825,1,2508.8,-5.53,37.505138,127.026775,False,False,False
D002,T002,2026-01-01 18:01:20,47.01,-0.755,0,2350.7,-4.89,37.505174,127.026627,False,False,False
D002,T002,2026-01-01 18:01:25,58.32,0.676,0,3076.4,-1.16,37.505169,127.026759,False,False,False
D002,T002,2026-01-01 18:01:30,67.92,0.849,0,3684.2,-7.43,37.50517,127.02683,False,False,False
D002,T002,2026-01-01 18:01:35,76.7,0.472,0,3704.0,-8.59,37.505223,127.026827,False,False,False
D002,T002,2026-01-01 18:01:40,76.46,-0.404,0,3071.8,-0.35,37.505165,127.026885,False,False,False
D002,T002,2026-01-01 18:01:45,77.97,0.352,0,3830.9,-6.24,37.505168,127.026816,False,False,False
D002,T002,2026-01-01 18:01:50,57.59,-1.227,1,2476.7,-5.19,37.505143,127.026764,False,False,False
D002,T002,2026-01-01 18:01:55,72.03,0.892,0,3514.7,-5.47,37.505016,127.026722,False,False,False
D002,T002,2026-01-01 18:02:00,53.16,-1.222,1,2158.4,3.66,37.504942,127.026555,False,False,False
D002,T002,2026-01-01 18:02:05,56.58,0.646,0,3010.4,-1.62,37.505068,127.026633,False,False,False
D002,T002,2026-01-01 18:02:10,51.51,-0.523,0,2369.1,-1.25,37.505099,127.02674,False,False,False
D002,T002,2026-01-01 18:02:15,46.87,-0.35,0,2384.4,4.18,37.504993,127.026677,False,False,False
D002,T002,2026-01-01 18:02:20,80.33,1.877,0,3942.8,-0.99,37.504869,127.026708,False,False,False
D002,T002,2026-01-01 18:02:25,74.06,-0.65,0,3571.6,-1.95,37.50486,127.026684,False,False,False
D002,T002,2026-01-01 18:02:30,77.87,0.302,0,3920.8,3.29,37.504985,127.026714,False,False,False
D002,T002,2026-01-01 18:02:35,63.23,-0.36,0,2928.9,4.68,37.50497,127.026657,False,False,False
D002,T002,2026-01-01 18:02:40,73.82,0.448,0,3470.1,-1.03,37.505075,127.026578,False,False,False
D002,T002,2026-01-01 18:02:45,35.01,-2.032,1,1526.1,0.56,37.505103,127.026673,False,False,False
D002,T002,2026-01-01 18:02:50,74.08,1.391,0,3873.9,-5.47,37.505141,127.026667,False,False,False
D002,T002,2026-01-01 18:02:55,63.29,-0.606,0,2809.3,-6.02,37.505034,127.026849,False,False,False
D002,T002,2026-01-01 18:03:00,69.69,0.266,0,3202.0,5.38,37.505109,127.026853,False,False,False
D002,T002,2026-01-01 18:03:05,65.59,-0.454,0,3156.2,3.11,37.505082,127.02677,False,False,False
D002,T002,2026-01-01 18:03:10,44.69,-0.852,0,2085.0,3.19,37.505151,127.02688,False,False,False
D002,T002,2026-01-01 18:03:15,37.1,2.57,0,2670.0,1.97,37.505086,127.026937,True,False,False
D002,T002,2026-01-01 18:03:20,48.78,0.595,0,2355.0,0.32,37.5051,127.027002,False,False,False
D002,T002,2026-01-01 18:03:25,67.94,0.952,0,3496.0,4.87,37.505128,127.027109,False,False,False
D002,T002,2026-01-01 18:03:30,69.71,-0.436,0,3473.5,6.55,37.505116,127.027051,False,False,False
D002,T002,2026-01-01 18:03:35,38.6,-2.032,1,1845.1,6.38,37.505148,127.027039,False,False,False
D002,T002,2026-01-01 18:03:40,44.54,0.595,0,2758.3,-0.71,37.505127,127.027024,False,False,False
D002,T002,2026-01-01 18:03:45,48.49,-0.369,0,2265.2,9.71,37.505075,127.026908,False,False,False
D002,T002,2026-01-01 18:03:50,54.18,0.101,0,2756.7,1.6,37.505204,127.026884,False,False,False
D002,T002,2026-01-01 18:03:55,39.24,-0.936,0,1808.4,4.43,37.505288,127.027004,False,False,False
D002,T002,2026-01-01 18:04:00,38.69,0.455,0,2224.5,1.97,37.505227,127.027025,False,False,False
D002,T002,2026-01-01 18:04:05,48.13,0.735,0,2787.0,1.73,37.505272,127.026904,False,False,False
D002,T002,2026-01-01 18:04:10,62.22,0.623,0,3120.7,-5.15,37.505213,127.026764,False,False,False
D002,T002,2026-01-01 18:04:15,43.57,-0.666,0,1930.5,4.91,37.505118,127.026914,False,False,False
D002,T002,2026-01-01 18:04:20,60.1,0.706,0,2811.9,19.92,37.505201,127.026906,False,False,False
D002,T002,2026-01-01 18:04:25,77.86,-2.911,1,2608.3,-2.62,37.505064,127.026848,False,False,False
D002,T002,2026-01-01 18:04:30,42.2,-6.518,1,939.2,0.5,37.505139,127.026823,False,True,False
D002,T002,2026-01-01 18:04:35,59.32,1.243,0,3511.9,-3.12,37.505118,127.02669,False,False,False
D002,T002,2026-01-01 18:04:40,78.45,0.943,0,3970.0,-3.42,37.505101,127.026818,False,False,False
D002,T002,2026-01-01 18:04:45,57.19,-1.46,1,2131.9,10.81,37.505134,127.026783,False,False,False
D002,T002,2026-01-01 18:04:50,55.39,-0.16,0,2953.9,-4.71,37.505181,127.026906,False,False,False
D002,T002,2026-01-01 18:04:55,82.55,4.655,0,4849.3,-3.32,37.505115,127.026911,True,False,False
D002,T002,2026-01-01 18:05:00,60.87,-1.334,1,2347.8,-11.11,37.505172,127.027039,False,False,False
D002,T002,2026-01-01 18:05:05,82.69,1.359,0,3905.9,-5.3,37.505181,127.027062,False,False,False
D002,T002,2026-01-01 18:05:10,72.95,-0.7,0,3373.5,-11.96,37.505081,127.027139,False,False,False
D002,T002,2026-01-01 18:05:15,62.13,2.655,0,3645.5,4.42,37.505067,127.027204,True,False,False
D002,T002,2026-01-01 18:05:20,74.96,0.831,0,3346.1,19.6,37.505177,127.02726,False,False,False
D002,T002,2026-01-01 18:05:25,72.91,-0.13,0,3410.3,-2.57,37.505312,127.027291,False,False,False
D002,T002,2026-01-01 18:05:30,83.78,0.477,0,3418.7,-11.67,37.505369,127.02727,False,False,False
D002,T002,2026-01-01 18:05:35,60.34,-1.251,1,2586.1,6.3,37.505274,127.027443,False,False,False
D002,T002,2026-01-01 18:05:40,69.45,0.656,0,3560.6,-5.09,37.505313,127.027361,False,False,False
D002,T002,2026-01-01 18:05:45,68.11,0.499,0,3278.7,9.1,37.505381,127.027361,False,False,False
D002,T002,2026-01-01 18:05:50,79.77,0.905,0,3671.6,-1.97,37.505439,127.027363,False,False,False
D002,T002,2026-01-01 18:05:55,53.7,-1.167,1,2579.2,-4.42,37.505502,127.027399,False,False,False
D002,T002,2026-01-01 18:06:00,84.59,2.564,0,4465.7,-1.25,37.505531,127.02736,True,False,False
D002,T002,2026-01-01 18:06:05,76.18,-0.321,0,3605.6,5.3,37.505525,127.027389,False,False,False
D002,T002,2026-01-01 18:06:10,49.1,-1.36,1,2377.7,-1.59,37.505477,127.027373,False,False,False
D002,T002,2026-01-01 18:06:15,87.03,2.289,0,4507.1,-3.48,37.505325,127.027231,False,False,False
D002,T002,2026-01-01 18:06:20,102.2,0.557,0,4579.1,-1.39,37.505352,127.027232,False,False,True
D002,T002,2026-01-01 18:06:25,83.24,-1.17,1,3470.6,-8.9,37.505367,127.027133,False,False,False
D002,T002,2026-01-01 18:06:30,89.26,0.191,0,3943.0,2.78,37.505411,127.026977,False,False,False
D002,T002,2026-01-01 18:06:35,68.59,-0.96,0,2928.3,-12.51,37.505304,127.026989,False,False,False
D002,T002,2026-01-01 18:06:40,41.75,-1.53,1,1714.5,-3.11,37.505356,127.027033,False,False,False
D002,T002,2026-01-01 18:06:45,38.5,-0.141,0,1956.0,5.32,37.50552,127.02708,False,False,False
D002,T002,2026-01-01 18:06:50,69.71,2.025,0,3614.9,2.12,37.505527,127.027131,False,False,False
D002,T002,2026-01-01 18:06:55,56.41,-0.494,0,2702.7,4.13,37.505522,127.026958,False,False,False
D002,T002,2026-01-01 18:07:00,50.98,-0.345,0,2766.8,-0.46,37.505546,127.026835,False,False,False
D002,T002,2026-01-01 18:07:05,63.26,0.491,0,3101.5,8.19,37.505709,127.027013,False,False,False
D002,T002,2026-01-01 18:07:10,72.98,0.852,0,3699.6,6.47,37.505627,127.026918,False,False,False
D002,T002,2026-01-01 18:07:15,41.23,-1.537,1,2107.9,3.12,37.505643,127.026973,False,False,False
D002,T002,2026-01-01 18:07:20,55.8,0.357,0,2784.1,6.49,37.505579,127.026912,False,False,False
D002,T002,2026-01-01 18:07:25,84.85,1.516,0,4175.6,5.25,37.505536,127.026919,False,False,False
D002,T003,2026-01-01 20:00:00,57.37,-0.34,0,2694.4,-16.65,37.504922,127.028965,False,False,False
D002,T003,2026-01-01 20:00:05,44.29,-0.523,0,2257.5,2.28,37.505003,127.029111,False,False,False
D002,T003,2026-01-01 20:00:10,71.44,1.169,0,3509.1,0.27,37.504942,127.02916,False,False,False
D002,T003,2026-01-01 20:00:15,73.94,0.594,0,3488.9,0.3,37.50497,127.029455,False,False,False
D002,T003,2026-01-01 20:00:20,82.62,0.002,0,3399.5,1.72,37.504964,127.029347,False,False,False
D002,T003,2026-01-01 20:00:25,52.46,-1.968,1,2027.6,-0.2,37.50488,127.029285,False,False,False
D002,T003,2026-01-01 20:00:30,53.39,0.167,0,2675.0,-0.37,37.504831,127.029323,False,False,False
D002,T003,2026-01-01 20:00:35,74.49,1.628,0,3711.2,4.29,37.504942,127.029359,False,False,False
D002,T003,2026-01-01 20:00:40,66.86,-0.334,0,2948.0,-3.79,37.504958,127.029534,False,False,False
D002,T003,2026-01-01 20:00:45,39.81,-1.336,1,1877.6,-6.63,37.504877,127.029474,False,False,False
D002,T003,2026-01-01 20:00:50,74.22,1.904,0,3803.5,21.17,37.504902,127.029555,False,False,False
D002,T003,2026-01-01 20:00:55,40.77,-2.132,1,1927.4,-5.01,37.50489,127.02966,False,False,False
D002,T003,2026-01-01 20:01:00,54.62,0.628,0,2827.2,0.7,37.505166,127.029723,False,False,False
D002,T003,2026-01-01 20:01:05,89.36,1.58,0,4307.8,-10.47,37.505189,127.029637,False,False,False
D002,T003,2026-01-01 20:01:10,96.5,0.038,0,4042.0,0.82,37.505159,127.029764,False,False,False
D002,T003,2026-01-01 20:01:15,50.58,-2.423,1,2139.8,-6.53,37.505272,127.029874,False,False,False
D002,T003,2026-01-01 20:01:20,63.84,0.419,0,3180.5,-3.1,37.505125,127.029928,False,False,False
D002,T003,2026-01-01 20:01:25,69.32,0.391,0,3449.0,7.32,37.505133,127.029947,False,False,False
D002,T003,2026-01-01 20:01:30,95.33,1.073,0,4455.7,3.3,37.505292,127.029967,False,False,False
D002,T003,2026-01-01 20:01:35,60.74,-1.826,1,2619.3,3.98,37.505283,127.02996,False,False,False
D002,T003,2026-01-01 20:01:40,60.65,-0.141,0,2863.5,-12.4,37.505144,127.030018,False,False,False
D002,T003,2026-01-01 20:01:45,90.92,2.062,0,4439.1,12.86,37.505112,127.03002,False,False,False
D002,T003,2026-01-01 20:01:50,61.48,-1.535,1,2794.1,-8.34,37.505229,127.029944,False,False,False
D002,T003,2026-01-01 20:01:55,77.64,1.235,0,3644.1,10.7,37.505259,127.02985,False,False,False
D002,T003,2026-01-01 20:02:00,43.92,-2.071,1,1774.6,7.15,37.505192,127.029782,False,False,False
D002,T003,2026-01-01 20:02:05,63.13,1.076,0,3265.8,4.04,37.505137,127.029802,False,False,False
D002,T003,2026-01-01 20:02:10,40.09,-1.544,1,1948.1,-5.98,37.505092,127.0298,False,False,False
D002,T003,2026-01-01 20:02:15,48.65,0.357,0,2434.5,1.06,37.505121,127.029819,False,False,False
D002,T003,2026-01-01 20:02:20,76.7,1.475,0,3768.6,-3.3,37.505228,127.029864,False,False,False
D002,T003,2026-01-01 20:02:25,62.69,-0.975,0,2749.9,0.2,37.505312,127.029808,False,False,False
D002,T003,2026-01-01 20:02:30,58.03,-0.595,0,2293.2,-1.75,37.505349,127.029939,False,False,False
D002,T003,2026-01-01 20:02:35,50.45,-4.984,1,1429.2,-14.27,37.505242,127.029915,False,True,False
D002,T003,2026-01-01 20:02:40,57.82,-0.244,0,2733.8,7.85,37.505136,127.029876,False,False,False
D002,T003,2026-01-01 20:02:45,65.16,0.112,0,3061.2,-0.57,37.505179,127.02992,False,False,False
D002,T003,2026-01-01 20:02:50,75.01,0.718,0,3813.3,-3.39,37.505071,127.029754,False,False,False
D002,T003,2026-01-01 20:02:55,20.05,-3.478,1,700.0,-3.92,37.505053,127.029683,False,True,False
D002,T003,2026-01-01 20:03:00,46.69,1.09,0,2528.9,2.51,37.505077,127.029772,False,False,False
D002,T003,2026-01-01 20:03:05,61.37,1.308,0,2754.3,-6.26,37.504986,127.029615,False,False,False
D002,T003,2026-01-01 20:03:10,57.17,-0.409,0,2617.1,-15.79,37.504904,127.029716,False,False,False
D002,T003,2026-01-01 20:03:15,64.53,0.495,0,3081.6,2.85,37.504897,127.029852,False,False,False
D002,T003,2026-01-01 20:03:20,62.32,0.057,0,2889.5,3.63,37.504937,127.029819,False,False,False
D002,T003,2026-01-01 20:03:25,53.58,-0.298,0,2805.5,-1.4,37.505022,127.029845,False,False,False
D002,T003,2026-01-01 20:03:30,50.12,-0.614,0,2573.8,-8.04,37.505071,127.029946,False,False,False
D002,T003,2026-01-01 20:03:35,54.37,0.17,0,2749.9,0.62,37.505077,127.029904,False,False,False
D002,T003,2026-01-01 20:03:40,75.43,0.712,0,3504.7,-10.25,37.505017,127.029982,False,False,False
D002,T003,2026-01-01 20:03:45,47.24,-0.875,0,2448.4,-7.19,37.504931,127.029921,False,False,False
D002,T003,2026-01-01 20:03:50,57.48,0.121,0,2827.6,-5.25,37.50489,127.029878,False,False,False
D002,T003,2026-01-01 20:03:55,61.41,-0.075,0,2774.2,5.91,37.504923,127.029806,False,False,False
D002,T003,2026-01-01 20:04:00,82.47,0.873,0,3536.9,-2.54,37.50495,127.029837,False,False,False
D002,T003,2026-01-01 20:04:05,54.67,-1.95,1,2200.3,-3.14,37.504782,127.029941,False,False,False
D002,T003,2026-01-01 20:04:10,74.12,1.45,0,3825.1,13.68,37.504719,127.029925,False,False,False
D002,T003,2026-01-01 20:04:15,78.77,0.93,0,4142.5,2.47,37.504816,127.02981,False,False,False
D002,T003,2026-01-01 20:04:20,59.66,-1.187,1,2628.4,2.37,37.504822,127.029713,False,False,False
D002,T003,2026-01-01 20:04:25,57.9,-0.464,0,2578.7,-2.59,37.504709,127.029748,False,False,False
D002,T003,2026-01-01 20:04:30,56.57,-0.696,0,2406.8,-4.17,37.504897,127.029914,False,False,False
D002,T003,2026-01-01 20:04:35,58.21,0.023,0,2933.4,-15.3,37.504895,127.02995,False,False,False
D002,T003,2026-01-01 20:04:40,75.51,0.867,0,3290.6,6.78,37.504925,127.029915,False,False,False
D002,T003,2026-01-01 20:04:45,66.64,-0.671,0,3067.2,3.14,37.504957,127.029984,False,False,False
D002,T003,2026-01-01 20:04:50,67.27,0.096,0,3305.5,-1.25,37.504928,127.029962,False,False,False
D002,T003,2026-01-01 20:04:55,47.28,-0.993,0,2317.7,-0.96,37.50487,127.029928,False,False,False
D002,T003,2026-01-01 20:05:00,50.21,0.251,0,2572.7,5.15,37.505039,127.029842,False,False,False
D002,T003,2026-01-01 20:05:05,97.68,2.532,0,4829.7,-10.88,37.50512,127.029969,True,False,False
D002,T003,2026-01-01 20:05:10,63.06,-2.217,1,2537.3,-4.13,37.505186,127.02974,False,False,False
D002,T003,2026-01-01 20:05:15,54.51,-0.287,0,2500.3,-7.95,37.505232,127.029812,False,False,False
D002,T003,2026-01-01 20:05:20,88.22,1.864,0,4592.7,12.4,37.505151,127.02977,False,False,False
D002,T003,2026-01-01 20:05:25,71.25,-0.689,0,3057.6,6.13,37.505254,127.029733,False,False,False
D002,T003,2026-01-01 20:05:30,76.06,0.485,0,3682.4,-15.42,37.505186,127.029886,False,False,False
D002,T003,2026-01-01 20:05:35,65.45,-0.981,0,2424.0,-10.6,37.505209,127.029822,False,False,False
D002,T003,2026-01-01 20:05:40,62.87,-0.541,0,3098.1,-0.93,37.505078,127.02976,False,False,False
D002,T003,2026-01-01 20:05:45,65.23,-0.08,0,3314.5,-3.31,37.504914,127.029749,False,False,False
D002,T003,2026-01-01 20:05:50,46.95,-1.303,1,2164.9,-9.27,37.50494,127.029786,False,False,False
D002,T003,2026-01-01 20:05:55,66.53,1.291,0,3496.8,13.61,37.504875,127.029746,False,False,False
D002,T003,2026-01-01 20:06:00,72.29,0.416,0,3499.9,2.19,37.504716,127.029604,False,False,False
D002,T003,2026-01-01 20:06:05,95.69,1.597,0,4339.1,3.32,37.504759,127.029527,False,False,False
D002,T003,2026-01-01 20:06:10,68.89,-1.369,1,2989.5,-4.84,37.504929,127.029642,False,False,False
D002,T003,2026-01-01 20:06:15,32.12,-1.971,1,1362.9,5.06,37.50504,127.029649,False,False,False
D002,T003,2026-01-01 20:06:20,65.7,2.187,0,3455.5,-2.66,37.505019,127.029689,False,False,False
D002,T003,2026-01-01 20:06:25,108.17,2.474,0,5274.9,-1.98,37.50502,127.029666,False,False,True
D002,T003,2026-01-01 20:06:30,79.5,-1.563,1,3384.6,4.28,37.505091,127.029606,False,False,False
D002,T003,2026-01-01 20:06:35,53.8,-1.007,0,2330.5,-11.4,37.505181,127.029757,False,False,False
D002,T003,2026-01-01 20:06:40,74.51,1.175,0,3509.7,11.18,37.505153,127.02974,False,False,False
D002,T003,2026-01-01 20:06:45,53.87,-1.224,1,2296.3,1.28,37.505156,127.0297,False,False,False
D002,T003,2026-01-01 20:06:50,44.08,-0.773,0,2310.7,8.97,37.50518,127.029799,False,False,False
D002,T003,2026-01-01 20:06:55,58.75,1.005,0,2888.6,-7.53,37.505224,127.029734,False,False,False
D002,T003,2026-01-01 20:07:00,64.88,0.682,0,3270.3,-6.46,37.505214,127.029681,False,False,False
D002,T003,2026-01-01 20:07:05,34.67,-1.681,1,1793.3,-8.13,37.505204,127.029681,False,False,False
D002,T003,2026-01-01 20:07:10,45.07,0.938,0,2572.9,1.75,37.505315,127.029681,False,False,False
D002,T003,2026-01-01 20:07:15,61.97,0.384,0,3223.2,0.46,37.505411,127.029705,False,False,False
D002,T003,2026-01-01 20:07:20,55.11,-0.394,0,2582.3,-3.25,37.50545,127.029893,False,False,False
D002,T003,2026-01-01 20:07:25,66.72,0.63,0,3218.5,-7.1,37.505587,127.029923,False,False,False
D002,T004,2026-01-01 22:00:00,44.99,-0.09,0,2693.5,4.9,37.504921,127.031934,False,False,False
D002,T004,2026-01-01 22:00:05,64.0,1.539,0,3222.9,-6.67,37.504877,127.031936,False,False,False
D002,T004,2026-01-01 22:00:10,58.22,-0.57,0,2243.2,2.59,37.504892,127.031907,False,False,False
D002,T004,2026-01-01 22:00:15,55.41,-0.36,0,2574.7,-3.65,37.50512,127.031889,False,False,False
D002,T004,2026-01-01 22:00:20,89.61,1.618,0,4353.2,-1.85,37.505144,127.032072,False,False,False
D002,T004,2026-01-01 22:00:25,65.51,-1.24,1,2831.8,-5.3,37.505273,127.031914,False,False,False
D002,T004,2026-01-01 22:00:30,86.34,0.768,0,4004.1,-1.13,37.505369,127.031892,False,False,False
D002,T004,2026-01-01 22:00:35,59.52,-1.614,1,2756.3,13.23,37.505399,127.032001,False,False,False
D002,T004,2026-01-01 22:00:40,71.57,0.066,0,3366.7,9.7,37.50532,127.03187,False,False,False
D002,T004,2026-01-01 22:00:45,67.37,-0.165,0,3248.1,2.48,37.505404,127.031812,False,False,False
D002,T004,2026-01-01 22:00:50,42.83,-1.493,1,1808.6,-0.18,37.505285,127.031764,False,False,False
D002,T004,2026-01-01 22:00:55,90.2,2.2,0,4203.8,5.91,37.505413,127.031744,False,False,False
D002,T004,2026-01-01 22:01:00,66.79,-0.99,0,3193.7,7.91,37.505429,127.0316,False,False,False
D002,T004,2026-01-01 22:01:05,80.16,0.374,0,3676.0,-5.81,37.505217,127.031654,False,False,False
D002,T004,2026-01-01 22:01:10,57.6,-1.023,0,2471.1,-0.54,37.505189,127.031714,False,False,False
D002,T004,2026-01-01 22:01:15,66.42,0.292,0,3060.7,-12.75,37.505242,127.03176,False,False,False
D002,T004,2026-01-01 22:01:20,55.79,-0.141,0,2599.0,7.86,37.505223,127.031681,False,False,False
D002,T004,2026-01-01 22:01:25,87.42,1.954,0,4124.7,14.46,37.50528,127.031689,False,False,False
D002,T004,2026-01-01 22:01:30,73.22,-1.064,0,2874.6,0.56,37.505212,127.031608,False,False,False
D002,T004,2026-01-01 22:01:35,73.77,-0.225,0,3038.8,-14.88,37.505107,127.031578,False,False,False
D002,T004,2026-01-01 22:01:40,88.45,0.978,0,4037.3,4.26,37.505102,127.031772,False,False,False
D002,T004,2026-01-01 22:01:45,85.03,-0.262,0,3576.6,-6.33,37.505104,127.031781,False,False,False
D002,T004,2026-01-01 22:01:50,78.71,-0.396,0,3638.3,-4.64,37.505076,127.031674,False,False,False
D002,T004,2026-01-01 22:01:55,45.28,-1.491,1,2114.2,4.39,37.505175,127.03169,False,False,False
D002,T004,2026-01-01 22:02:00,55.74,0.369,0,2873.9,1.78,37.505107,127.031568,False,False,False
D002,T004,2026-01-01 22:02:05,50.57,-0.259,0,2378.7,-3.42,37.505132,127.03146,False,False,False
D002,T004,2026-01-01 22:02:10,76.22,1.681,0,3789.4,-4.55,37.505137,127.031367,False,False,False
D002,T004,2026-01-01 22:02:15,67.29,-0.268,0,3143.9,0.88,37.505013,127.031327,False,False,False
D002,T004,2026-01-01 22:02:20,43.15,-1.376,1,2143.3,-2.87,37.504907,127.031411,False,False,False
D002,T004,2026-01-01 22:02:25,60.73,0.89,0,3093.7,-7.76,37.504908,127.031463,False,False,False
D002,T004,2026-01-01 22:02:30,40.41,-1.605,1,2064.9,-2.33,37.505066,127.03151,False,False,False
D002,T004,2026-01-01 22:02:35,61.59,0.875,0,3138.0,2.38,37.505113,127.031411,False,False,False
D002,T004,2026-01-01 22:02:40,36.88,-1.275,1,1966.2,-1.25,37.504975,127.031362,False,False,False
D002,T004,2026-01-01 22:02:45,69.36,1.754,0,3506.0,-9.89,37.504726,127.031387,False,False,False
D002,T004,2026-01-01 22:02:50,66.62,-0.131,0,2760.0,6.92,37.504785,127.03133,False,False,False
D002,T004,2026-01-01 22:02:55,89.32,1.542,0,4274.6,-19.17,37.504777,127.031305,False,False,False
D002,T004,2026-01-01 22:03:00,72.89,-1.237,1,3186.6,-3.12,37.504868,127.031345,False,False,False
D002,T004,2026-01-01 22:03:05,53.35,-1.144,1,2515.8,-4.34,37.504798,127.031314,False,False,False
D002,T004,2026-01-01 22:03:10,71.81,1.071,0,3603.0,1.04,37.504826,127.031334,False,False,False
D002,T004,2026-01-01 22:03:15,38.09,-2.057,1,1629.8,3.93,37.504893,127.031477,False,False,False
D002,T004,2026-01-01 22:03:20,44.53,0.754,0,2384.7,7.89,37.504858,127.031462,False,False,False
D002,T004,2026-01-01 22:03:25,64.01,1.328,0,3417.6,-4.99,37.504823,127.031568,False,False,False
D002,T004,2026-01-01 22:03:30,26.34,-1.998,1,1382.8,4.11,37.504826,127.031618,False,False,False
D002,T004,2026-01-01 22:03:35,58.44,2.27,0,3235.3,1.37,37.504869,127.031486,False,False,False
D002,T004,2026-01-01 22:03:40,43.61,-1.235,1,2260.6,-11.98,37.504868,127.031387,False,False,False
D002,T004,2026-01-01 22:03:45,60.67,0.94,0,2960.6,13.3,37.504946,127.031312,False,False,False
D002,T004,2026-01-01 22:03:50,43.07,-0.87,0,2018.0,-10.07,37.504909,127.031235,False,False,False
D002,T004,2026-01-01 22:03:55,65.96,1.009,0,3609.3,2.94,37.504802,127.031227,False,False,False
D002,T004,2026-01-01 22:04:00,60.16,-0.237,0,2999.6,2.73,37.504961,127.031282,False,False,False
D002,T004,2026-01-01 22:04:05,81.32,0.86,0,3739.9,1.93,37.504912,127.031395,False,False,False
D002,T004,2026-01-01 22:04:10,60.7,-0.946,0,2757.4,-3.46,37.504867,127.031423,False,False,False
D002,T004,2026-01-01 22:04:15,49.46,-0.326,0,2488.0,5.79,37.504862,127.031383,False,False,False
D002,T004,2026-01-01 22:04:20,57.32,-3.663,1,1498.9,-10.92,37.504867,127.031196,False,True,False
D002,T004,2026-01-01 22:04:25,41.19,-1.405,1,1778.2,-0.46,37.504836,127.031202,False,False,False
D002,T004,2026-01-01 22:04:30,68.12,1.217,0,3424.6,-3.95,37.504835,127.031204,False,False,False
D002,T004,2026-01-01 22:04:35,71.46,0.341,0,3290.4,-4.74,37.504831,127.031221,False,False,False
D002,T004,2026-01-01 22:04:40,100.39,1.603,0,4660.3,3.0,37.504845,127.03141,False,False,True
D002,T004,2026-01-01 22:04:45,54.18,-3.299,1,2169.7,7.54,37.504657,127.031522,False,True,False
D002,T004,2026-01-01 22:04:50,60.13,0.674,0,2984.7,-2.4,37.504807,127.031593,False,False,False
D002,T004,2026-01-01 22:04:55,56.03,-0.188,0,2523.1,5.46,37.504795,127.031506,False,False,False
D002,T004,2026-01-01 22:05:00,68.43,0.456,0,3335.4,0.35,37.504842,127.03146,False,False,False
D002,T004,2026-01-01 22:05:05,71.53,0.448,0,3321.6,-6.25,37.504732,127.031451,False,False,False
D002,T004,2026-01-01 22:05:10,65.41,-0.526,0,2930.1,-1.81,37.504694,127.031382,False,False,False
D002,T004,2026-01-01 22:05:15,83.04,0.781,0,3792.7,-2.1,37.50464,127.031427,False,False,False
D002,T004,2026-01-01 22:05:20,57.73,-1.297,1,2931.0,-4.88,37.504758,127.031459,False,False,False
D002,T004,2026-01-01 22:05:25,82.35,1.854,0,3654.6,3.0,37.504711,127.031361,False,False,False
D002,T004,2026-01-01 22:05:30,75.95,0.098,0,3384.1,1.64,37.504772,127.031468,False,False,False
D002,T004,2026-01-01 22:05:35,67.9,-0.344,0,3082.3,-11.13,37.50472,127.031478,False,False,False
D002,T004,2026-01-01 22:05:40,63.54,-0.112,0,2844.9,-11.56,37.504683,127.031322,False,False,False
D002,T004,2026-01-01 22:05:45,105.1,2.514,0,5138.2,2.97,37.504664,127.031317,True,False,True
D002,T004,2026-01-01 22:05:50,56.15,-3.051,1,2234.2,-5.71,37.504766,127.031343,False,True,False
D002,T004,2026-01-01 22:05:55,73.02,1.11,0,3568.2,2.11,37.504615,127.03143,False,False,False
D002,T004,2026-01-01 22:06:00,57.11,-1.082,0,2505.2,5.47,37.50451,127.0314,False,False,False
D002,T004,2026-01-01 22:06:05,95.3,2.196,0,4553.4,-8.9,37.504354,127.031474,False,False,False
D002,T004,2026-01-01 22:06:10,81.55,-0.822,0,3423.1,-9.88,37.504267,127.031491,False,False,False
D002,T004,2026-01-01 22:06:15,57.71,-1.177,1,2539.0,11.72,37.504202,127.031373,False,False,False
D002,T004,2026-01-01 22:06:20,75.41,1.01,0,3602.2,2.46,37.504073,127.031246,False,False,False
D002,T004,2026-01-01 22:06:25,71.12,-1.091,0,3073.4,-2.93,37.504014,127.031347,False,False,False
D002,T004,2026-01-01 22:06:30,59.05,-0.616,0,2857.6,-6.54,37.503853,127.031454,False,False,False
D002,T004,2026-01-01 22:06:35,78.27,4.319,0,4239.7,-3.57,37.503772,127.031483,True,False,False
D002,T004,2026-01-01 22:06:40,72.25,-0.208,0,3071.5,-8.33,37.503868,127.031618,False,False,False
D002,T004,2026-01-01 22:06:45,68.62,-4.401,1,1900.2,6.18,37.5039,127.031713,False,True,False
D002,T004,2026-01-01 22:06:50,64.27,0.216,0,3238.6,-5.44,37.503915,127.031775,False,False,False
D002,T004,2026-01-01 22:06:55,70.88,0.452,0,3404.2,7.65,37.503835,127.031692,False,False,False
D002,T004,2026-01-01 22:07:00,67.29,-0.076,0,3212.2,-2.8,37.503712,127.031848,False,False,False
D002,T004,2026-01-01 22:07:05,64.2,0.12,0,2801.8,-7.3,37.503621,127.031897,False,False,False
D002,T004,2026-01-01 22:07:10,53.08,-0.513,0,2863.3,-2.98,37.503617,127.031862,False,False,False
D002,T004,2026-01-01 22:07:15,87.76,1.664,0,4090.2,-18.37,37.503687,127.031802,False,False,False
D002,T004,2026-01-01 22:07:20,45.7,-2.999,1,1774.4,-0.85,37.503759,127.031825,False,False,False
D002,T004,2026-01-01 22:07:25,67.49,1.07,0,3534.0,-1.19,37.503809,127.031674,False,False,False
D003,T001,2026-01-02 00:00:00,74.95,-0.198,0,3426.1,1.37,37.509979,127.022911,False,False,False
D003,T001,2026-01-02 00:00:05,12.76,-3.25,1,700.0,6.05,37.510107,127.022972,False,True,False
D003,T001,2026-01-02 00:00:10,83.89,3.973,0,4430.6,-2.41,37.509993,127.022924,True,False,False
D003,T001,2026-01-02 00:00:15,76.48,-0.805,0,3451.0,-10.95,37.509864,127.022925,False,False,False
D003,T001,2026-01-02 00:00:20,86.97,0.488,0,4128.9,4.35,37.509797,127.023053,False,False,False
D003,T001,2026-01-02 00:00:25,57.25,-1.663,1,2702.7,7.87,37.50982,127.023125,False,False,False
D003,T001,2026-01-02 00:00:30,82.39,1.245,0,4249.8,-0.58,37.50987,127.023197,False,False,False
D003,T001,2026-01-02 00:00:35,25.32,-2.737,1,1132.7,2.84,37.509905,127.023369,False,False,False
D003,T001,2026-01-02 00:00:40,76.65,6.046,0,4730.4,-3.32,37.509999,127.023305,True,False,False
D003,T001,2026-01-02 00:00:45,42.66,-1.494,1,2215.1,-5.92,37.509858,127.023217,False,False,False
D003,T001,2026-01-02 00:00:50,22.57,-1.036,0,1517.8,7.18,37.509953,127.023152,False,False,False
D003,T001,2026-01-02 00:00:55,35.0,0.709,0,2019.0,2.71,37.509928,127.023129,False,False,False
D003,T001,2026-01-02 00:01:00,61.28,1.19,0,3009.4,3.43,37.509987,127.022917,False,False,False
D003,T001,2026-01-02 00:01:05,42.17,-1.051,0,2141.1,10.51,37.509881,127.022898,False,False,False
D003,T001,2026-01-02 00:01:10,70.0,1.54,0,3536.9,-7.38,37.509881,127.022849,False,False,False
D003,T001,2026-01-02 00:01:15,19.36,-3.175,1,805.0,-3.86,37.5099,127.02292,False,True,False
D003,T001,2026-01-02 00:01:20,11.88,-0.563,0,1323.0,1.11,37.509993,127.022951,False,False,False
D003,T001,2026-01-02 00:01:25,92.74,4.373,0,5102.0,-3.95,37.509866,127.022897,True,False,False
D003,T001,2026-01-02 00:01:30,81.71,-0.494,0,3758.6,5.48,37.509868,127.022951,False,False,False
D003,T001,2026-01-02 00:01:35,36.24,-2.381,1,1210.7,-1.31,37.509781,127.023016,False,False,False
D003,T001,2026-01-02 00:01:40,60.13,1.157,0,3194.6,-6.95,37.509822,127.022946,False,False,False
D003,T001,2026-01-02 00:01:45,83.46,1.418,0,4124.6,0.46,37.509884,127.022902,False,False,False
D003,T001,2026-01-02 00:01:50,69.15,-0.841,0,2741.2,1.19,37.509987,127.022702,False,False,False
D003,T001,2026-01-02 00:01:55,62.33,-1.174,1,2592.9,6.54,37.509944,127.022604,False,False,False
D003,T001,2026-01-02 00:02:00,83.75,1.048,0,3776.8,2.75,37.510018,127.022537,False,False,False
D003,T001,2026-01-02 00:02:05,41.0,-2.059,1,1795.1,3.23,37.510127,127.022543,False,False,False
D003,T001,2026-01-02 00:02:10,58.06,0.473,0,3221.0,2.24,37.509996,127.022458,False,False,False
D003,T001,2026-01-02 00:02:15,56.38,-0.061,0,3117.4,-1.32,37.510045,127.022412,False,False,False
D003,T001,2026-01-02 00:02:20,49.97,0.087,0,2421.7,-5.01,37.510121,127.022302,False,False,False
D003,T001,2026-01-02 00:02:25,46.68,-0.393,0,2445.2,2.02,37.510101,127.022317,False,False,False
D003,T001,2026-01-02 00:02:30,56.83,0.561,0,3006.4,-2.33,37.510004,127.022356,False,False,False
D003,T001,2026-01-02 00:02:35,55.36,-0.444,0,2704.2,11.83,37.510079,127.022392,False,False,False
D003,T001,2026-01-02 00:02:40,29.82,-0.957,0,1725.1,9.4,37.509983,127.022393,False,False,False
D003,T001,2026-01-02 00:02:45,72.16,2.313,0,3866.9,4.43,37.509969,127.022254,False,False,False
D003,T001,2026-01-02 00:02:50,30.52,-2.285,1,1688.8,2.65,37.509966,127.022198,False,False,False
D003,T001,2026-01-02 00:02:55,47.69,1.324,0,2961.2,-0.62,37.510023,127.022162,False,False,False
D003,T001,2026-01-02 00:03:00,45.54,0.065,0,2221.8,-8.83,37.509973,127.022126,False,False,False
D003,T001,2026-01-02 00:03:05,60.3,0.571,0,3168.9,-1.51,37.509918,127.022132,False,False,False
D003,T001,2026-01-02 00:03:10,2.63,-3.363,1,700.0,0.71,37.509926,127.022261,False,True,False
D003,T001,2026-01-02 00:03:15,71.6,-0.228,0,3290.8,1.61,37.510007,127.022334,False,False,False
D003,T001,2026-01-02 00:03:20,35.1,-2.188,1,1765.6,3.29,37.51019,127.022245,False,False,False
D003,T001,2026-01-02 00:03:25,78.83,1.825,0,3965.4,6.45,37.510069,127.022306,False,False,False
D003,T001,2026-01-02 00:03:30,39.45,-2.188,1,1746.1,-4.85,37.510094,127.022363,False,False,False
D003,T001,2026-01-02 00:03:35,49.35,0.134,0,2579.2,-4.78,37.510007,127.022291,False,False,False
D003,T001,2026-01-02 00:03:40,94.91,2.964,0,4365.8,10.16,37.510089,127.022367,True,False,False
D003,T001,2026-01-02 00:03:45,44.31,-2.743,1,1738.7,5.4,37.510014,127.022353,False,False,False
D003,T001,2026-01-02 00:03:50,79.58,1.694,0,3808.1,-2.74,37.50996,127.022226,False,False,False
D003,T001,2026-01-02 00:03:55,52.02,-1.715,1,2027.8,-0.75,37.509913,127.022267,False,False,False
D003,T001,2026-01-02 00:04:00,60.97,-0.032,0,3174.1,-0.72,37.509906,127.022286,False,False,False
D003,T001,2026-01-02 00:04:05,53.28,-0.73,0,2591.8,0.22,37.509932,127.022266,False,False,False
D003,T001,2026-01-02 00:04:10,71.73,1.3,0,3569.4,3.31,37.509971,127.022263,False,False,False
D003,T001,2026-01-02 00:04:15,36.73,-1.31,1,1709.0,17.74,37.509971,127.022198,False,False,False
D003,T001,2026-01-02 00:04:20,30.32,-0.152,0,1900.8,1.33,37.509864,127.022253,False,False,False
D003,T001,2026-01-02 00:04:25,38.82,0.443,0,2445.9,4.64,37.509922,127.022249,False,False,False
D003,T001,2026-01-02 00:04:30,56.43,0.852,0,2807.0,-11.81,37.509918,127.022264,False,False,False
D003,T001,2026-01-02 00:04:35,49.52,-0.647,0,2390.3,-3.39,37.510011,127.022296,False,False,False
D003,T001,2026-01-02 00:04:40,71.7,1.797,0,3839.4,8.6,37.509954,127.022192,False,False,False
D003,T001,2026-01-02 00:04:45,86.02,0.738,0,3588.3,2.82,37.509826,127.022112,False,False,False
D003,T001,2026-01-02 00:04:50,33.84,-2.291,1,1486.2,-30.72,37.509824,127.021913,False,False,False
D003,T001,2026-01-02 00:04:55,40.03,0.729,0,2294.3,4.72,37.509927,127.021964,False,False,False
D003,T001,2026-01-02 00:05:00,24.24,-1.356,1,1352.0,13.43,37.50994,127.021854,False,False,False
D003,T001,2026-01-02 00:05:05,104.99,4.271,0,5269.0,-13.97,37.509924,127.021866,True,False,True
D003,T001,2026-01-02 00:05:10,65.49,-2.366,1,2580.9,10.64,37.509855,127.0219,False,False,False
D003,T001,2026-01-02 00:05:15,69.98,0.226,0,3625.3,-19.4,37.509995,127.021954,False,False,False
D003,T001,2026-01-02 00:05:20,28.24,-2.32,1,1241.4,6.57,37.509913,127.021846,False,False,False
D003,T001,2026-01-02 00:05:25,59.7,2.57,0,3497.6,-0.06,37.509855,127.02184,True,False,False
D003,T001,2026-01-02 00:05:30,71.28,-3.833,1,2789.5,-16.45,37.5099,127.02199,False,True,False
D003,T001,2026-01-02 00:05:35,53.9,-0.896,0,2386.5,3.12,37.509752,127.022144,False,False,False
D003,T001,2026-01-02 00:05:40,84.87,1.881,0,4476.0,8.06,37.509854,127.022233,False,False,False
D003,T001,2026-01-02 00:05:45,113.63,1.586,0,5063.2,2.55,37.509904,127.022264,False,False,True
D003,T001,2026-01-02 00:05:50,38.25,-4.129,1,1562.7,4.09,37.509976,127.022173,False,True,False
D003,T001,2026-01-02 00:05:55,36.49,-0.388,0,2140.3,-2.88,37.51002,127.022238,False,False,False
D003,T001,2026-01-02 00:06:00,39.78,0.211,0,2304.4,-13.03,37.510007,127.022224,False,False,False
D003,T001,2026-01-02 00:06:05,97.2,3.311,0,4871.4,4.84,37.509922,127.022274,True,False,False
D003,T001,2026-01-02 00:06:10,83.98,-0.638,0,3452.7,12.25,37.509911,127.022217,False,False,False
D003,T001,2026-01-02 00:06:15,56.5,-1.358,1,2485.9,7.91,37.509833,127.022202,False,False,False
D003,T001,2026-01-02 00:06:20,60.25,0.6,0,3191.9,-13.92,37.509872,127.022216,False,False,False
D003,T001,2026-01-02 00:06:25,40.19,-0.846,0,2027.9,-10.6,37.509937,127.022238,False,False,False
D003,T001,2026-01-02 00:06:30,79.32,2.179,0,3969.4,-5.92,37.510055,127.022283,False,False,False
D003,T001,2026-01-02 00:06:35,49.45,-1.974,1,2051.9,-11.15,37.510085,127.022231,False,False,False
D003,T001,2026-01-02 00:06:40,51.74,-0.04,0,2779.0,0.31,37.510158,127.02211,False,False,False
D003,T001,2026-01-02 00:06:45,71.36,1.021,0,3721.4,2.75,37.510135,127.022256,False,False,False
D003,T001,2026-01-02 00:06:50,52.4,-0.976,0,2296.6,-10.01,37.510096,127.02248,False,False,False
D003,T001,2026-01-02 00:06:55,51.12,2.876,0,3100.6,5.44,37.510134,127.02252,True,False,False
D003,T001,2026-01-02 00:07:00,56.22,0.021,0,2834.6,4.21,37.510103,127.022401,False,False,False
D003,T001,2026-01-02 00:07:05,73.8,0.639,0,3774.7,-3.84,37.510125,127.022332,False,False,False
D003,T001,2026-01-02 00:07:10,92.89,0.594,0,4345.3,-1.21,37.51004,127.022377,False,False,False
D003,T001,2026-01-02 00:07:15,67.77,-1.452,1,2609.4,-13.65,37.50997,127.022498,False,False,False
D003,T001,2026-01-02 00:07:20,72.23,-0.163,0,3222.4,-2.33,37.51002,127.022389,False,False,False
D003,T001,2026-01-02 00:07:25,48.45,-1.59,1,1980.1,0.05,37.510091,127.022378,False,False,False
D003,T002,2026-01-02 02:00:00,59.88,-0.036,0,2984.2,-5.24,37.510085,127.026117,False,False,False
D003,T002,2026-01-02 02:00:05,65.31,0.408,0,3191.4,0.96,37.510072,127.026053,False,False,False
D003,T002,2026-01-02 02:00:10,62.76,-0.051,0,3067.8,10.43,37.510064,127.026028,False,False,False
D003,T002,2026-01-02 02:00:15,51.56,-0.307,0,2410.8,-5.82,37.509928,127.026009,False,False,False
D003,T002,2026-01-02 02:00:20,64.86,1.054,0,3243.1,1.02,37.509916,127.026022,False,False,False
D003,T002,2026-01-02 02:00:25,81.9,0.697,0,3784.3,-1.35,37.509965,127.025959,False,False,False
D003,T002,2026-01-02 02:00:30,56.95,-1.31,1,2212.9,-0.44,37.509858,127.025998,False,False,False
D003,T002,2026-01-02 02:00:35,66.91,0.314,0,2984.7,-11.41,37.509898,127.026129,False,False,False
D003,T002,2026-01-02 02:00:40,55.61,-0.676,0,2390.2,9.88,37.509905,127.026011,False,False,False
D003,T002,2026-01-02 02:00:45,45.66,2.62,0,3116.2,-5.42,37.509854,127.025909,True,False,False
D003,T002,2026-01-02 02:00:50,72.9,0.555,0,3494.9,7.18,37.509922,127.025866,False,False,False
D003,T002,2026-01-02 02:00:55,48.24,-0.69,0,2448.2,-4.35,37.509746,127.025826,False,False,False
D003,T002,2026-01-02 02:01:00,70.21,1.37,0,3207.6,-4.38,37.509774,127.026006,False,False,False
D003,T002,2026-01-02 02:01:05,62.01,-0.619,0,2555.2,8.49,37.509903,127.026096,False,False,False
D003,T002,2026-01-02 02:01:10,54.42,0.117,0,2845.6,6.96,37.510018,127.026181,False,False,False
D003,T002,2026-01-02 02:01:15,53.83,-0.129,0,2151.5,1.46,37.510049,127.026158,False,False,False
D003,T002,2026-01-02 02:01:20,49.58,-0.198,0,2712.7,5.33,37.510025,127.026132,False,False,False
D003,T002,2026-01-02 02:01:25,23.08,-1.598,1,954.9,-2.02,37.509974,127.026001,False,False,False
D003,T002,2026-01-02 02:01:30,69.9,3.044,0,4048.0,-0.06,37.50995,127.026071,True,False,False
D003,T002,2026-01-02 02:01:35,66.13,-0.237,0,2886.4,-4.63,37.509994,127.026116,False,False,False
D003,T002,2026-01-02 02:01:40,80.14,0.814,0,3942.6,6.33,37.509929,127.026231,False,False,False
D003,T002,2026-01-02 02:01:45,47.84,-1.448,1,2735.4,-4.85,37.50999,127.026212,False,False,False
D003,T002,2026-01-02 02:01:50,103.64,3.242,0,4677.8,10.4,37.51016,127.0262,True,False,True
D003,T002,2026-01-02 02:01:55,50.51,-2.947,1,2044.2,-2.21,37.510155,127.026215,False,False,False
D003,T002,2026-01-02 02:02:00,38.6,-0.349,0,1760.1,0.14,37.510048,127.026295,False,False,False
D003,T002,2026-01-02 02:02:05,35.43,0.531,0,2248.1,5.31,37.50994,127.026163,False,False,False
D003,T002,2026-01-02 02:02:10,17.76,-0.886,0,1221.8,0.17,37.510002,127.026229,False,False,False
D003,T002,2026-01-02 02:02:15,93.22,7.276,0,5643.8,-2.09,37.509998,127.026227,True,False,False
D003,T002,2026-01-02 02:02:20,88.93,-0.189,0,3667.9,-0.21,37.510068,127.026132,False,False,False
D003,T002,2026-01-02 02:02:25,70.58,-0.648,0,3247.7,6.26,37.510025,127.025944,False,False,False
D003,T002,2026-01-02 02:02:30,35.35,-2.111,1,1326.8,-4.64,37.510092,127.025932,False,False,False
D003,T002,2026-01-02 02:02:35,97.48,3.352,0,5125.3,-0.88,37.510079,127.026062,True,False,False
D003,T002,2026-01-02 02:02:40,46.83,-3.223,1,1659.4,0.07,37.51002,127.026213,False,True,False
D003,T002,2026-01-02 02:02:45,48.2,-0.253,0,2180.7,6.05,37.509988,127.026245,False,False,False
D003,T002,2026-01-02 02:02:50,87.23,2.009,0,4544.9,-0.7,37.509892,127.026422,False,False,False
D003,T002,2026-01-02 02:02:55,68.27,-5.234,1,2007.5,12.66,37.510052,127.026418,False,True,False
D003,T002,2026-01-02 02:03:00,103.65,2.444,0,5255.1,-1.1,37.510044,127.026504,False,False,True
D003,T002,2026-01-02 02:03:05,58.12,-2.363,1,2525.9,-1.66,37.510095,127.026463,False,False,False
D003,T002,2026-01-02 02:03:10,42.34,-5.297,1,980.8,-1.2,37.510052,127.026417,False,True,False
D003,T002,2026-01-02 02:03:15,37.11,-0.491,0,1988.4,-9.22,37.509968,127.026356,False,False,False
D003,T002,2026-01-02 02:03:20,8.38,-1.203,1,892.0,-7.26,37.50995,127.02617,False,False,False
D003,T002,2026-01-02 02:03:25,44.61,2.313,0,3150.5,-3.71,37.510038,127.026286,False,False,False
D003,T002,2026-01-02 02:03:30,77.51,1.823,0,3965.2,7.95,37.509996,127.026228,False,False,False
D003,T002,2026-01-02 02:03:35,64.86,-0.821,0,2906.5,-0.23,37.509926,127.026156,False,False,False
D003,T002,2026-01-02 02:03:40,51.57,-0.421,0,2475.0,-3.39,37.509939,127.02605,False,False,False
D003,T002,2026-01-02 02:03:45,28.16,-1.568,1,1453.4,8.59,37.509979,127.026032,False,False,False
D003,T002,2026-01-02 02:03:50,56.65,1.681,0,3380.9,10.86,37.51011,127.02619,False,False,False
D003,T002,2026-01-02 02:03:55,75.17,1.654,0,3770.4,8.79,37.510139,127.026379,False,False,False
D003,T002,2026-01-02 02:04:00,62.0,-0.67,0,2739.6,-5.97,37.51019,127.026229,False,False,False
D003,T002,2026-01-02 02:04:05,56.21,-0.535,0,2541.9,-3.47,37.510248,127.026197,False,False,False
D003,T002,2026-01-02 02:04:10,34.31,-1.095,0,1676.1,12.7,37.510155,127.026104,False,False,False
D003,T002,2026-01-02 02:04:15,73.26,2.019,0,3532.7,1.69,37.510078,127.026193,False,False,False
D003,T002,2026-01-02 02:04:20,0.0,-4.449,1,700.0,-1.87,37.509992,127.026219,False,True,False
D003,T002,2026-01-02 02:04:25,63.0,3.69,0,4073.6,5.03,37.509885,127.026162,True,False,False
D003,T002,2026-01-02 02:04:30,114.21,3.137,0,5386.3,7.05,37.509949,127.026168,True,False,True
D003,T002,2026-01-02 02:04:35,20.31,-5.269,1,700.0,-4.0,37.509972,127.026125,False,True,False
D003,T002,2026-01-02 02:04:40,49.69,-2.656,1,1508.8,1.54,37.509978,127.026271,False,False,False
D003,T002,2026-01-02 02:04:45,55.62,0.06,0,2856.5,6.49,37.509771,127.02632,False,False,False
D003,T002,2026-01-02 02:04:50,45.64,-0.592,0,2242.5,-8.12,37.509935,127.02638,False,False,False
D003,T002,2026-01-02 02:04:55,80.87,1.788,0,3906.4,0.09,37.509864,127.02614,False,False,False
D003,T002,2026-01-02 02:05:00,68.31,-0.974,0,2990.9,-7.8,37.510028,127.026134,False,False,False
D003,T002,2026-01-02 02:05:05,61.47,0.149,0,2883.5,-6.89,37.509912,127.026322,False,False,False
D003,T002,2026-01-02 02:05:10,76.9,0.981,0,3298.0,-3.94,37.509847,127.026441,False,False,False
D003,T002,2026-01-02 02:05:15,59.28,-0.813,0,2852.9,3.34,37.509671,127.026275,False,False,False
D003,T002,2026-01-02 02:05:20,133.32,7.411,0,6500.0,-2.25,37.5097,127.026247,True,False,True
D003,T002,2026-01-02 02:05:25,63.58,-3.634,1,2155.8,-4.54,37.509612,127.026138,False,True,False
D003,T002,2026-01-02 02:05:30,64.89,-0.043,0,2873.0,0.36,37.509526,127.026292,False,False,False
D003,T002,2026-01-02 02:05:35,21.03,-2.345,1,784.4,-8.03,37.509416,127.026314,False,False,False
D003,T002,2026-01-02 02:05:40,48.23,1.427,0,2844.0,3.0,37.509478,127.026245,False,False,False
D003,T002,2026-01-02 02:05:45,87.53,2.291,0,4620.4,7.92,37.509535,127.026248,False,False,False
D003,T002,2026-01-02 02:05:50,30.13,-3.073,1,1234.9,-0.55,37.50968,127.026014,False,True,False
D003,T002,2026-01-02 02:05:55,11.09,-1.157,1,723.7,-1.42,37.509625,127.025916,False,False,False
D003,T002,2026-01-02 02:06:00,61.7,2.423,0,3521.4,2.61,37.509643,127.025919,False,False,False
D003,T002,2026-01-02 02:06:05,92.58,1.745,0,4372.1,-14.2,37.509539,127.025995,False,False,False
D003,T002,2026-01-02 02:06:10,61.65,-1.764,1,2713.5,3.76,37.509513,127.025821,False,False,False
D003,T002,2026-01-02 02:06:15,52.59,-1.026,0,2521.7,21.71,37.509471,127.025786,False,False,False
D003,T002,2026-01-02 02:06:20,17.07,-1.819,1,700.0,-0.86,37.509508,127.025877,False,False,False
D003,T002,2026-01-02 02:06:25,69.77,-0.996,0,3101.2,-0.83,37.50959,127.025747,False,False,False
D003,T002,2026-01-02 02:06:30,73.8,-3.246,1,2464.6,5.21,37.509669,127.025767,False,True,False
D003,T002,2026-01-02 02:06:35,16.8,-3.255,1,700.0,11.52,37.509602,127.025773,False,True,False
D003,T002,2026-01-02 02:06:40,83.84,3.55,0,4447.6,6.82,37.509681,127.025927,True,False,False
D003,T002,2026-01-02 02:06:45,74.77,-0.809,0,3288.0,-15.09,37.509678,127.025907,False,False,False
D003,T002,2026-01-02 02:06:50,82.74,0.498,0,3477.5,3.94,37.509652,127.025891,False,False,False
D003,T002,2026-01-02 02:06:55,69.5,-0.674,0,3191.5,18.0,37.509595,127.025968,False,False,False
D003,T002,2026-01-02 02:07:00,70.55,-0.168,0,3349.0,4.36,37.50955,127.025849,False,False,False
D003,T002,2026-01-02 02:07:05,66.9,-0.25,0,3078.2,-8.08,37.50969,127.025829,False,False,False
D003,T002,2026-01-02 02:07:10,74.33,-0.14,0,3190.2,1.97,37.509714,127.025788,False,False,False
D003,T002,2026-01-02 02:07:15,11.59,-3.205,1,700.0,-8.96,37.509728,127.025776,False,True,False
D003,T002,2026-01-02 02:07:20,18.39,0.161,0,1695.3,8.63,37.509707,127.025852,False,False,False
D003,T002,2026-01-02 02:07:25,35.59,0.94,0,1994.7,-6.69,37.509903,127.025902,False,False,False
D003,T003,2026-01-02 04:00:00,57.72,0.091,0,2831.0,-1.66,37.510066,127.028877,False,False,False
D003,T003,2026-01-02 04:00:05,36.7,-1.176,1,1525.6,1.44,37.510028,127.029009,False,False,False
D003,T003,2026-01-02 04:00:10,44.44,0.319,0,2514.3,6.44,37.509961,127.028939,False,False,False
D003,T003,2026-01-02 04:00:15,92.01,2.376,0,4420.0,-7.97,37.509873,127.029073,False,False,False
D003,T003,2026-01-02 04:00:20,60.91,1.566,0,3492.4,2.8,37.509907,127.02912,False,False,False
D003,T003,2026-01-02 04:00:25,46.02,-1.148,1,2268.6,0.1,37.510017,127.02915,False,False,False
D003,T003,2026-01-02 04:00:30,32.93,-0.58,0,2052.4,2.43,37.509985,127.029122,False,False,False
D003,T003,2026-01-02 04:00:35,16.59,-0.324,0,1160.9,-3.64,37.509967,127.029181,False,False,False
D003,T003,2026-01-02 04:00:40,31.38,1.229,0,2120.7,9.68,37.510053,127.02918,False,False,False
D003,T003,2026-01-02 04:00:45,63.23,1.339,0,3070.5,-0.72,37.509908,127.029147,False,False,False
D003,T003,2026-01-02 04:00:50,83.59,0.974,0,3779.4,12.42,37.510066,127.029209,False,False,False
D003,T003,2026-01-02 04:00:55,47.65,-6.038,1,1366.9,-5.53,37.510261,127.029196,False,True,False
D003,T003,2026-01-02 04:01:00,97.14,2.712,0,5017.3,5.2,37.510045,127.029125,True,False,False
D003,T003,2026-01-02 04:01:05,44.22,-3.31,1,1418.7,-0.42,37.510037,127.029179,False,True,False
D003,T003,2026-01-02 04:01:10,55.38,0.723,0,2809.3,-2.29,37.509979,127.029173,False,False,False
D003,T003,2026-01-02 04:01:15,35.87,-1.079,0,1818.3,4.43,37.509958,127.029217,False,False,False
D003,T003,2026-01-02 04:01:20,83.78,3.177,0,4502.9,-2.09,37.509925,127.029176,True,False,False
D003,T003,2026-01-02 04:01:25,109.25,1.335,0,4541.6,-18.63,37.50999,127.029067,False,False,True
D003,T003,2026-01-02 04:01:30,19.73,-4.616,1,700.0,-21.44,37.509981,127.029223,False,True,False
D003,T003,2026-01-02 04:01:35,52.21,1.44,0,3029.9,8.91,37.509908,127.029363,False,False,False
D003,T003,2026-01-02 04:01:40,89.16,1.753,0,3916.2,8.61,37.509894,127.029442,False,False,False
D003,T003,2026-01-02 04:01:45,26.03,-3.283,1,932.5,13.21,37.509935,127.029407,False,True,False
D003,T003,2026-01-02 04:01:50,72.28,2.854,0,3964.7,-0.12,37.509841,127.02938,True,False,False
D003,T003,2026-01-02 04:01:55,86.96,0.544,0,4001.3,-9.05,37.509709,127.029505,False,False,False
D003,T003,2026-01-02 04:02:00,60.01,-1.481,1,2539.2,-2.94,37.509868,127.029473,False,False,False
D003,T003,2026-01-02 04:02:05,70.39,0.188,0,3218.7,0.08,37.509817,127.029416,False,False,False
D003,T003,2026-01-02 04:02:10,97.88,1.467,0,4652.5,-7.05,37.509806,127.029584,False,False,False
D003,T003,2026-01-02 04:02:15,101.7,0.444,0,4456.7,11.54,37.509774,127.02958,False,False,True
D003,T003,2026-01-02 04:02:20,54.58,-2.721,1,1990.6,15.68,37.509818,127.029739,False,False,False
D003,T003,2026-01-02 04:02:25,43.12,-0.702,0,2168.5,3.35,37.50996,127.029613,False,False,False
D003,T003,2026-01-02 04:02:30,33.56,-0.842,0,1874.6,-0.08,37.510006,127.02966,False,False,False
D003,T003,2026-01-02 04:02:35,76.91,2.212,0,4261.0,-9.06,37.509885,127.029846,False,False,False
D003,T003,2026-01-02 04:02:40,22.07,-2.538,1,1183.5,10.83,37.509774,127.029849,False,False,False
D003,T003,2026-01-02 04:02:45,47.48,1.423,0,2996.1,0.53,37.509742,127.029825,False,False,False
D003,T003,2026-01-02 04:02:50,55.21,0.148,0,2649.6,-2.02,37.509721,127.02972,False,False,False
D003,T003,2026-01-02 04:02:55,40.74,-0.886,0,1946.0,3.37,37.509583,127.029818,False,False,False
D003,T003,2026-01-02 04:03:00,58.43,0.532,0,2911.1,-4.1,37.509648,127.029748,False,False,False
D003,T003,2026-01-02 04:03:05,110.95,2.617,0,5172.1,1.03,37.509561,127.02974,True,False,True
D003,T003,2026-01-02 04:03:10,48.51,-3.067,1,1643.2,-10.1,37.509681,127.029629,False,True,False
D003,T003,2026-01-02 04:03:15,41.01,-0.454,0,2372.2,7.61,37.509827,127.029769,False,False,False
D003,T003,2026-01-02 04:03:20,74.48,2.373,0,4063.5,-0.73,37.509807,127.029873,False,False,False
D003,T003,2026-01-02 04:03:25,56.4,-1.024,0,2487.2,8.11,37.509842,127.02987,False,False,False
D003,T003,2026-01-02 04:03:30,83.62,-2.68,1,3218.8,-1.41,37.509743,127.029766,False,False,False
D003,T003,2026-01-02 04:03:35,54.13,-1.449,1,2411.8,-0.95,37.509793,127.029904,False,False,False
D003,T003,2026-01-02 04:03:40,44.54,-1.272,1,2214.1,-8.49,37.509753,127.029871,False,False,False
D003,T003,2026-01-02 04:03:45,9.13,-1.897,1,700.0,5.32,37.509666,127.029772,False,False,False
D003,T003,2026-01-02 04:03:50,13.11,0.206,0,1315.1,-6.13,37.509643,127.029613,False,False,False
D003,T003,2026-01-02 04:03:55,8.41,0.154,0,1159.3,-3.4,37.509606,127.029555,False,False,False
D003,T003,2026-01-02 04:04:00,60.03,3.117,0,3688.9,0.01,37.50958,127.029424,True,False,False
D003,T003,2026-01-02 04:04:05,20.02,-2.523,1,862.2,0.85,37.509656,127.029368,False,False,False
D003,T003,2026-01-02 04:04:10,81.06,3.715,0,3973.4,-11.94,37.509593,127.029435,True,False,False
D003,T003,2026-01-02 04:04:15,53.12,-1.615,1,2106.2,-1.62,37.509732,127.029401,False,False,False
D003,T003,2026-01-02 04:04:20,47.21,-0.578,0,2317.1,5.57,37.509626,127.029433,False,False,False
D003,T003,2026-01-02 04:04:25,33.84,-0.683,0,1861.7,-2.65,37.509755,127.029368,False,False,False
D003,T003,2026-01-02 04:04:30,68.3,1.846,0,3881.4,-1.57,37.509674,127.029374,False,False,False
D003,T003,2026-01-02 04:04:35,35.36,-5.562,1,933.5,1.14,37.509674,127.029547,False,True,False
D003,T003,2026-01-02 04:04:40,31.74,-0.105,0,1920.7,-0.88,37.509634,127.029516,False,False,False
D003,T003,2026-01-02 04:04:45,82.63,2.866,0,4284.3,-7.21,37.509607,127.02955,True,False,False
D003,T003,2026-01-02 04:04:50,63.92,-0.782,0,3049.8,-0.25,37.509671,127.029409,False,False,False
D003,T003,2026-01-02 04:04:55,50.85,-0.417,0,2380.9,6.96,37.509791,127.029546,False,False,False
D003,T003,2026-01-02 04:05:00,71.7,1.368,0,3563.5,-7.36,37.509886,127.029503,False,False,False
D003,T003,2026-01-02 04:05:05,57.61,-0.383,0,2528.3,-2.62,37.509854,127.029598,False,False,False
D003,T003,2026-01-02 04:05:10,66.76,0.675,0,3523.8,-9.67,37.509869,127.029587,False,False,False
D003,T003,2026-01-02 04:05:15,39.43,-1.462,1,1939.6,6.59,37.509806,127.029642,False,False,False
D003,T003,2026-01-02 04:05:20,106.72,4.058,0,5244.0,-0.65,37.509727,127.029702,True,False,True
D003,T003,2026-01-02 04:05:25,45.72,-3.392,1,1637.5,-5.95,37.509635,127.029661,False,True,False
D003,T003,2026-01-02 04:05:30,95.47,2.755,0,4793.8,0.65,37.5096,127.02976,True,False,False
D003,T003,2026-01-02 04:05:35,55.38,-1.734,1,2306.3,-8.43,37.50962,127.029691,False,False,False
D003,T003,2026-01-02 04:05:40,78.69,1.737,0,3811.3,-7.23,37.509467,127.029761,False,False,False
D003,T003,2026-01-02 04:05:45,77.13,-0.088,0,3335.4,-10.22,37.509463,127.029726,False,False,False
D003,T003,2026-01-02 04:05:50,86.74,0.404,0,3949.3,-7.47,37.509585,127.029758,False,False,False
D003,T003,2026-01-02 04:05:55,40.79,-2.129,1,1703.9,9.5,37.509674,127.029716,False,False,False
D003,T003,2026-01-02 04:06:00,85.13,2.67,0,4250.2,-5.13,37.509628,127.029721,True,False,False
D003,T003,2026-01-02 04:06:05,102.88,1.067,0,4342.1,3.26,37.509516,127.029624,False,False,True
D003,T003,2026-01-02 04:06:10,53.95,-2.79,1,2084.7,-5.85,37.509553,127.029646,False,False,False
D003,T003,2026-01-02 04:06:15,60.53,0.455,0,2975.5,5.32,37.509367,127.02965,False,False,False
D003,T003,2026-01-02 04:06:20,47.32,-0.735,0,2239.3,-7.18,37.509456,127.029601,False,False,False
D003,T003,2026-01-02 04:06:25,51.06,0.022,0,2626.5,0.27,37.509439,127.029597,False,False,False
D003,T003,2026-01-02 04:06:30,98.33,2.644,0,4909.5,0.37,37.509585,127.029609,True,False,False
D003,T003,2026-01-02 04:06:35,35.03,-3.419,1,1415.1,16.29,37.509447,127.029553,False,True,False
D003,T003,2026-01-02 04:06:40,35.99,-0.051,0,2162.0,4.41,37.509521,127.029542,False,False,False
D003,T003,2026-01-02 04:06:45,94.64,3.488,0,4791.7,-4.15,37.509513,127.029451,True,False,False
D003,T003,2026-01-02 04:06:50,71.32,-0.928,0,2968.7,4.8,37.509486,127.029662,False,False,False
D003,T003,2026-01-02 04:06:55,105.45,2.153,0,4721.0,14.97,37.509377,127.029757,False,False,True
D003,T003,2026-01-02 04:07:00,45.36,-3.393,1,1539.2,-11.41,37.509424,127.029782,False,True,False
D003,T003,2026-01-02 04:07:05,58.18,0.918,0,3033.7,-5.9,37.509478,127.029888,False,False,False
D003,T003,2026-01-02 04:07:10,39.41,-1.014,0,1825.2,-1.66,37.509621,127.029709,False,False,False
D003,T003,2026-01-02 04:07:15,57.43,0.651,0,2963.2,-2.92,37.509702,127.029479,False,False,False
D003,T003,2026-01-02 04:07:20,12.53,-2.291,1,700.0,-2.33,37.509654,127.029443,False,False,False
D003,T003,2026-01-02 04:07:25,68.95,3.155,0,3589.5,-9.13,37.509574,127.029319,True,False,False
D003,T004,2026-01-02 06:00:00,88.24,-0.407,0,3943.4,7.34,37.5101,127.031876,False,False,False
D003,T004,2026-01-02 06:00:05,23.34,-3.751,1,700.0,-5.59,37.510103,127.031797,False,True,False
D003,T004,2026-01-02 06:00:10,52.18,1.48,0,2823.8,0.84,37.509978,127.031778,False,False,False
D003,T004,2026-01-02 06:00:15,81.55,1.512,0,4181.3,3.12,37.510022,127.031713,False,False,False
D003,T004,2026-01-02 06:00:20,57.16,-1.304,1,2403.9,-2.8,37.50999,127.031617,False,False,False
D003,T004,2026-01-02 06:00:25,35.65,-1.371,1,1726.6,5.88,37.510113,127.031449,False,False,False
D003,T004,2026-01-02 06:00:30,27.61,-0.033,0,1599.3,1.04,37.510065,127.031328,False,False,False
D003,T004,2026-01-02 06:00:35,53.94,1.589,0,3183.7,5.52,37.510149,127.031305,False,False,False
D003,T004,2026-01-02 06:00:40,42.09,-0.879,0,2240.2,1.36,37.510291,127.031298,False,False,False
D003,T004,2026-01-02 06:00:45,64.7,1.274,0,3463.1,2.63,37.510223,127.031227,False,False,False
D003,T004,2026-01-02 06:00:50,27.78,-2.003,1,1450.6,-4.43,37.510208,127.031234,False,False,False
D003,T004,2026-01-02 06:00:55,79.31,3.182,0,4259.9,-4.42,37.510239,127.031195,True,False,False
D003,T004,2026-01-02 06:01:00,63.31,-1.05,0,2676.9,8.57,37.51017,127.031293,False,False,False
D003,T004,2026-01-02 06:01:05,65.15,0.315,0,2987.9,4.45,37.510192,127.031279,False,False,False
D003,T004,2026-01-02 06:01:10,94.16,1.613,0,4638.6,-7.16,37.510174,127.031341,False,False,False
D003,T004,2026-01-02 06:01:15,50.69,-1.984,1,2274.5,1.27,37.510154,127.03136,False,False,False
D003,T004,2026-01-02 06:01:20,43.98,-0.011,0,2218.1,-16.62,37.510158,127.031233,False,False,False
D003,T004,2026-01-02 06:01:25,47.96,0.275,0,2548.4,-4.02,37.510164,127.031225,False,False,False
D003,T004,2026-01-02 06:01:30,55.98,0.369,0,2780.4,6.73,37.510177,127.031114,False,False,False
D003,T004,2026-01-02 06:01:35,58.08,0.257,0,2678.4,-0.88,37.510129,127.031104,False,False,False
D003,T004,2026-01-02 06:01:40,40.64,-1.013,0,2040.8,0.83,37.510084,127.031037,False,False,False
D003,T004,2026-01-02 06:01:45,12.72,-1.073,0,971.7,-21.11,37.510075,127.031072,False,False,False
D003,T004,2026-01-02 06:01:50,46.17,1.868,0,2659.3,-2.75,37.510071,127.030951,False,False,False
D003,T004,2026-01-02 06:01:55,67.03,1.038,0,3091.1,2.37,37.510036,127.030952,False,False,False
D003,T004,2026-01-02 06:02:00,61.35,-0.441,0,2557.6,3.26,37.510062,127.031004,False,False,False
D003,T004,2026-01-02 06:02:05,85.42,0.991,0,3905.5,6.74,37.509917,127.031085,False,False,False
D003,T004,2026-01-02 06:02:10,102.41,1.092,0,4557.0,-1.47,37.509859,127.031017,False,False,True
D003,T004,2026-01-02 06:02:15,74.14,-1.788,1,2819.8,-1.16,37.509836,127.031018,False,False,False
D003,T004,2026-01-02 06:02:20,88.05,1.073,0,4196.9,-9.32,37.509768,127.031035,False,False,False
D003,T004,2026-01-02 06:02:25,73.19,-1.18,1,3067.1,-1.43,37.509898,127.031174,False,False,False
D003,T004,2026-01-02 06:02:30,94.48,1.21,0,4432.3,-8.83,37.5099,127.031041,False,False,False
D003,T004,2026-01-02 06:02:35,97.24,0.472,0,4227.0,-12.94,37.509914,127.030959,False,False,False
D003,T004,2026-01-02 06:02:40,75.81,-1.781,1,2894.0,-7.6,37.509875,127.031211,False,False,False
D003,T004,2026-01-02 06:02:45,69.71,0.225,0,3290.2,10.56,37.509874,127.031186,False,False,False
D003,T004,2026-01-02 06:02:50,48.12,-1.31,1,1970.8,-1.89,37.509777,127.031016,False,False,False
D003,T004,2026-01-02 06:02:55,51.49,0.225,0,2747.4,1.54,37.509763,127.030964,False,False,False
D003,T004,2026-01-02 06:03:00,44.26,-0.24,0,2133.2,-3.59,37.509688,127.030715,False,False,False
D003,T004,2026-01-02 06:03:05,66.15,1.41,0,3574.5,-12.53,37.509666,127.030736,False,False,False
D003,T004,2026-01-02 06:03:10,34.8,-1.654,1,1608.6,6.55,37.509461,127.030809,False,False,False
D003,T004,2026-01-02 06:03:15,46.86,0.943,0,2841.7,-15.21,37.509371,127.030727,False,False,False
D003,T004,2026-01-02 06:03:20,0.0,-2.464,1,700.0,-3.88,37.509488,127.030685,False,False,False
D003,T004,2026-01-02 06:03:25,90.96,5.532,0,5037.5,-0.38,37.509554,127.030768,True,False,False
D003,T004,2026-01-02 06:03:30,45.41,-6.54,1,1023.8,1.61,37.50966,127.03061,False,True,False
D003,T004,2026-01-02 06:03:35,60.63,-2.786,1,2509.4,-5.09,37.509771,127.030491,False,False,False
D003,T004,2026-01-02 06:03:40,83.94,1.537,0,4341.9,-12.87,37.509825,127.030471,False,False,False
D003,T004,2026-01-02 06:03:45,57.21,-1.978,1,2367.4,-5.61,37.509788,127.030403,False,False,False
D003,T004,2026-01-02 06:03:50,83.97,2.203,0,4520.5,-5.24,37.509705,127.030377,False,False,False
D003,T004,2026-01-02 06:03:55,22.0,-3.579,1,758.5,-5.41,37.509797,127.030263,False,True,False
D003,T004,2026-01-02 06:04:00,106.61,5.085,0,5791.3,6.79,37.509802,127.030282,True,False,True
D003,T004,2026-01-02 06:04:05,76.62,-1.647,1,2923.2,-8.5,37.510002,127.030269,False,False,False
D003,T004,2026-01-02 06:04:10,56.73,-0.803,0,2677.8,2.11,37.509973,127.030318,False,False,False
D003,T004,2026-01-02 06:04:15,85.3,1.385,0,3633.3,1.11,37.510131,127.030336,False,False,False
D003,T004,2026-01-02 06:04:20,25.74,-3.113,1,838.3,6.72,37.510118,127.030355,False,True,False
D003,T004,2026-01-02 06:04:25,46.61,1.081,0,2756.6,-0.93,37.510225,127.030225,False,False,False
D003,T004,2026-01-02 06:04:30,87.31,2.685,0,4173.1,5.54,37.510361,127.030269,True,False,False
D003,T004,2026-01-02 06:04:35,11.2,-4.078,1,700.0,-1.21,37.510279,127.030239,False,True,False
D003,T004,2026-01-02 06:04:40,67.99,3.395,0,4071.7,3.04,37.51024,127.030224,True,False,False
D003,T004,2026-01-02 06:04:45,67.82,-0.611,0,2931.3,-10.52,37.510157,127.030319,False,False,False
D003,T004,2026-01-02 06:04:50,101.65,1.843,0,4537.1,-18.47,37.510059,127.030254,False,False,True
D003,T004,2026-01-02 06:04:55,19.96,-4.394,1,700.0,2.64,37.510112,127.030376,False,True,False
D003,T004,2026-01-02 06:05:00,94.42,4.171,0,4804.1,3.02,37.510097,127.030506,True,False,False
D003,T004,2026-01-02 06:05:05,44.74,-2.475,1,1808.4,3.33,37.510101,127.030573,False,False,False
D003,T004,2026-01-02 06:05:10,47.8,0.068,0,2508.6,-3.67,37.510145,127.030485,False,False,False
D003,T004,2026-01-02 06:05:15,30.3,-0.952,0,1615.7,10.43,37.509997,127.030288,False,False,False
D003,T004,2026-01-02 06:05:20,33.85,0.524,0,2417.6,-3.22,37.5101,127.030385,False,False,False
D003,T004,2026-01-02 06:05:25,69.03,4.387,0,4032.7,2.95,37.510072,127.030395,True,False,False
D003,T004,2026-01-02 06:05:30,34.26,-1.755,1,1879.1,4.16,37.510114,127.030328,False,False,False
D003,T004,2026-01-02 06:05:35,77.39,2.288,0,3797.1,12.03,37.510164,127.030434,False,False,False
D003,T004,2026-01-02 06:05:40,45.06,-2.038,1,1947.0,-2.22,37.510274,127.030356,False,False,False
D003,T004,2026-01-02 06:05:45,32.47,-0.601,0,2034.8,-4.57,37.510265,127.030318,False,False,False
D003,T004,2026-01-02 06:05:50,48.45,1.223,0,2970.2,-10.49,37.510095,127.030365,False,False,False
D003,T004,2026-01-02 06:05:55,68.52,1.396,0,3411.1,10.87,37.5101,127.030265,False,False,False
D003,T004,2026-01-02 06:06:00,54.62,2.275,0,3307.3,2.95,37.510116,127.030255,False,False,False
D003,T004,2026-01-02 06:06:05,61.75,0.637,0,3165.4,3.17,37.510033,127.030353,False,False,False
D003,T004,2026-01-02 06:06:10,76.93,1.079,0,3606.0,21.82,37.510045,127.030372,False,False,False
D003,T004,2026-01-02 06:06:15,85.64,0.456,0,3973.1,2.28,37.510016,127.030485,False,False,False
D003,T004,2026-01-02 06:06:20,53.09,-1.989,1,2552.8,-9.12,37.509909,127.030587,False,False,False
D003,T004,2026-01-02 06:06:25,35.74,-1.134,1,1900.4,-1.37,37.509962,127.030587,False,False,False
D003,T004,2026-01-02 06:06:30,61.32,1.645,0,3398.7,-6.82,37.509917,127.030377,False,False,False
D003,T004,2026-01-02 06:06:35,70.03,0.469,0,3455.0,-2.77,37.509885,127.030278,False,False,False
D003,T004,2026-01-02 06:06:40,24.81,-2.786,1,817.6,-2.82,37.509848,127.030346,False,False,False
D003,T004,2026-01-02 06:06:45,37.46,0.229,0,2256.9,-4.11,37.509947,127.030207,False,False,False
D003,T004,2026-01-02 06:06:50,40.93,0.423,0,2151.8,-9.75,37.509943,127.030177,False,False,False
D003,T004,2026-01-02 06:06:55,52.21,0.47,0,2622.6,11.15,37.50995,127.030208,False,False,False
D003,T004,2026-01-02 06:07:00,38.86,-0.645,0,2418.6,2.09,37.509914,127.03034,False,False,False
D003,T004,2026-01-02 06:07:05,72.34,2.192,0,3746.2,-1.58,37.509951,127.030288,False,False,False
D003,T004,2026-01-02 06:07:10,18.2,-3.352,1,700.0,5.3,37.510059,127.03023,False,True,False
D003,T004,2026-01-02 06:07:15,18.24,-0.01,0,1675.3,3.3,37.510111,127.030226,False,False,False
D003,T004,2026-01-02 06:07:20,46.54,1.515,0,2595.1,1.93,37.510166,127.030257,False,False,False
D003,T004,2026-01-02 06:07:25,49.71,0.28,0,2521.2,4.79,37.510215,127.030243,False,False,False
D004,T001,2026-01-02 08:00:00,43.29,-0.373,0,2243.0,8.51,37.515048,127.02303,False,False,False
D004,T001,2026-01-02 08:00:05,49.22,0.098,0,2724.4,28.18,37.515027,127.023141,False,False,False
D004,T001,2026-01-02 08:00:10,50.62,0.204,0,2643.8,4.84,37.515014,127.023251,False,False,False
D004,T001,2026-01-02 08:00:15,45.26,0.045,0,2684.5,0.7,37.514878,127.02321,False,False,False
D004,T001,2026-01-02 08:00:20,41.85,-0.801,0,1905.4,-9.09,37.514791,127.023228,False,False,False
D004,T001,2026-01-02 08:00:25,60.01,1.385,0,3193.4,-4.46,37.514752,127.02306,False,False,False
D004,T001,2026-01-02 08:00:30,40.62,1.97,0,2785.6,-1.5,37.514699,127.023069,False,False,False
D004,T001,2026-01-02 08:00:35,49.72,-0.021,0,2501.6,-3.74,37.514708,127.022997,False,False,False
D004,T001,2026-01-02 08:00:40,50.22,-0.807,0,2587.5,-0.11,37.514755,127.022981,False,False,False
D004,T001,2026-01-02 08:00:45,40.2,-0.979,0,1923.7,12.45,37.514936,127.022829,False,False,False
D004,T001,2026-01-02 08:00:50,38.48,-0.1,0,2508.6,8.73,37.514935,127.022865,False,False,False
D004,T001,2026-01-02 08:00:55,43.26,0.246,0,2757.1,-1.11,37.515024,127.022713,False,False,False
D004,T001,2026-01-02 08:01:00,42.05,0.109,0,2354.7,-8.46,37.514957,127.022726,False,False,False
D004,T001,2026-01-02 08:01:05,32.41,-0.685,0,1900.9,9.36,37.514823,127.022616,False,False,False
D004,T001,2026-01-02 08:01:10,40.54,0.14,0,2473.5,-0.34,37.514795,127.022539,False,False,False
D004,T001,2026-01-02 08:01:15,49.74,0.393,0,2413.8,-12.09,37.514667,127.022643,False,False,False
D004,T001,2026-01-02 08:01:20,59.72,0.56,0,2767.5,4.99,37.514669,127.022696,False,False,False
D004,T001,2026-01-02 08:01:25,52.42,-0.339,0,2783.9,7.18,37.514606,127.022799,False,False,False
D004,T001,2026-01-02 08:01:30,20.44,-1.984,1,1157.7,-16.98,37.51445,127.02294,False,False,False
D004,T001,2026-01-02 08:01:35,52.83,2.038,0,3054.0,-5.77,37.514589,127.02287,False,False,False
D004,T001,2026-01-02 08:01:40,40.42,-0.858,0,2037.7,-0.77,37.514546,127.023005,False,False,False
D004,T001,2026-01-02 08:01:45,50.21,0.298,0,2193.3,5.14,37.514415,127.022873,False,False,False
D004,T001,2026-01-02 08:01:50,45.08,-0.434,0,2253.0,-3.61,37.514487,127.02294,False,False,False
D004,T001,2026-01-02 08:01:55,42.87,0.177,0,2211.1,-5.82,37.514428,127.022896,False,False,False
D004,T001,2026-01-02 08:02:00,43.3,-0.014,0,2484.3,5.09,37.514515,127.022812,False,False,False
D004,T001,2026-01-02 08:02:05,43.57,-0.178,0,2471.1,-3.28,37.514457,127.022867,False,False,False
D004,T001,2026-01-02 08:02:10,56.82,0.989,0,3103.4,3.79,37.514414,127.022953,False,False,False
D004,T001,2026-01-02 08:02:15,42.62,-0.188,0,2328.7,-7.78,37.514441,127.023035,False,False,False
D004,T001,2026-01-02 08:02:20,53.19,0.642,0,2530.2,-9.47,37.514489,127.023054,False,False,False
D004,T001,2026-01-02 08:02:25,51.21,0.234,0,2748.8,5.29,37.51455,127.023066,False,False,False
D004,T001,2026-01-02 08:02:30,47.94,0.108,0,2617.1,1.77,37.514543,127.023114,False,False,False
D004,T001,2026-01-02 08:02:35,22.68,-1.563,1,1501.5,6.46,37.514585,127.023141,False,False,False
D004,T001,2026-01-02 08:02:40,51.38,1.591,0,3328.4,-3.73,37.514645,127.02319,False,False,False
D004,T001,2026-01-02 08:02:45,34.99,-1.261,1,1457.6,-5.57,37.514661,127.023208,False,False,False
D004,T001,2026-01-02 08:02:50,46.33,0.569,0,2480.5,9.53,37.514649,127.023284,False,False,False
D004,T001,2026-01-02 08:02:55,28.89,-1.137,1,1448.4,-10.66,37.514534,127.023137,False,False,False
D004,T001,2026-01-02 08:03:00,26.34,-0.252,0,1721.2,8.76,37.514582,127.023126,False,False,False
D004,T001,2026-01-02 08:03:05,57.8,1.528,0,3153.8,9.24,37.514585,127.023001,False,False,False
D004,T001,2026-01-02 08:03:10,27.97,-1.726,1,1379.2,6.02,37.514552,127.023026,False,False,False
D004,T001,2026-01-02 08:03:15,48.93,1.304,0,2985.5,-4.81,37.514654,127.023174,False,False,False
D004,T001,2026-01-02 08:03:20,38.4,-0.614,0,1822.2,-5.72,37.51454,127.023131,False,False,False
D004,T001,2026-01-02 08:03:25,32.8,-0.828,0,1595.7,-1.47,37.514672,127.023142,False,False,False
D004,T001,2026-01-02 08:03:30,36.49,-0.004,0,1905.7,-9.07,37.51467,127.023211,False,False,False
D004,T001,2026-01-02 08:03:35,23.8,-1.123,1,1347.4,-6.73,37.514695,127.023024,False,False,False
D004,T001,2026-01-02 08:03:40,36.84,0.787,0,2054.5,4.51,37.514664,127.022977,False,False,False
D004,T001,2026-01-02 08:03:45,26.22,-0.446,0,1634.7,4.55,37.51453,127.02301,False,False,False
D004,T001,2026-01-02 08:03:50,33.34,0.464,0,2055.8,-7.35,37.514519,127.02275,False,False,False
D004,T001,2026-01-02 08:03:55,46.35,-3.673,1,1476.2,4.73,37.514546,127.022662,False,True,False
D004,T001,2026-01-02 08:04:00,39.9,-0.287,0,2300.7,3.18,37.5146,127.022761,False,False,False
D004,T001,2026-01-02 08:04:05,22.75,-1.077,0,1376.0,10.57,37.514584,127.022851,False,False,False
D004,T001,2026-01-02 08:04:10,46.6,1.0,0,2845.8,3.98,37.514409,127.022885,False,False,False
D004,T001,2026-01-02 08:04:15,38.8,2.855,0,2762.0,7.41,37.514285,127.022964,True,False,False
D004,T001,2026-01-02 08:04:20,33.91,-0.042,0,1989.3,3.34,37.51445,127.022983,False,False,False
D004,T001,2026-01-02 08:04:25,47.42,1.01,0,2583.1,6.86,37.514362,127.023033,False,False,False
D004,T001,2026-01-02 08:04:30,38.73,-0.649,0,2022.7,-9.01,37.514476,127.023005,False,False,False
D004,T001,2026-01-02 08:04:35,29.26,-0.194,0,1930.3,-0.85,37.514402,127.023015,False,False,False
D004,T001,2026-01-02 08:04:40,60.13,1.567,0,3165.2,-0.27,37.514387,127.022959,False,False,False
D004,T001,2026-01-02 08:04:45,41.94,-0.822,0,2188.4,-1.71,37.514437,127.023072,False,False,False
D004,T001,2026-01-02 08:04:50,41.83,-0.148,0,2093.5,3.11,37.514371,127.023209,False,False,False
D004,T001,2026-01-02 08:04:55,39.11,-0.212,0,2269.7,4.44,37.514499,127.023333,False,False,False
D004,T001,2026-01-02 08:05:00,55.52,0.232,0,2684.2,2.75,37.514505,127.023297,False,False,False
D004,T001,2026-01-02 08:05:05,38.85,-1.004,0,2103.4,-1.24,37.514542,127.023211,False,False,False
D004,T001,2026-01-02 08:05:10,29.06,-0.515,0,1735.8,-5.15,37.51452,127.023326,False,False,False
D004,T001,2026-01-02 08:05:15,38.21,0.391,0,2508.9,7.68,37.514573,127.023375,False,False,False
D004,T001,2026-01-02 08:05:20,58.86,1.628,0,3001.6,2.45,37.514699,127.023404,False,False,False
D004,T001,2026-01-02 08:05:25,54.19,-0.581,0,2299.1,-7.13,37.514689,127.023347,False,False,False
D004,T001,2026-01-02 08:05:30,43.53,-0.745,0,2055.4,-1.36,37.514827,127.023386,False,False,False
D004,T001,2026-01-02 08:05:35,60.15,0.665,0,2792.1,-12.2,37.514778,127.023288,False,False,False
D004,T001,2026-01-02 08:05:40,54.03,-0.495,0,2329.2,0.25,37.514839,127.023345,False,False,False
D004,T001,2026-01-02 08:05:45,43.98,-0.267,0,2398.5,-1.39,37.514878,127.023469,False,False,False
D004,T001,2026-01-02 08:05:50,45.12,0.474,0,2487.5,-4.02,37.514793,127.023616,False,False,False
D004,T001,2026-01-02 08:05:55,50.09,0.08,0,2484.3,11.09,37.51481,127.02368,False,False,False
D004,T001,2026-01-02 08:06:00,38.33,-0.85,0,1896.4,-8.09,37.514811,127.023555,False,False,False
D004,T001,2026-01-02 08:06:05,46.6,0.134,0,2356.4,4.94,37.514742,127.023573,False,False,False
D004,T001,2026-01-02 08:06:10,49.53,0.525,0,2946.6,15.31,37.514771,127.023766,False,False,False
D004,T001,2026-01-02 08:06:15,29.25,-0.807,0,1534.5,7.54,37.514783,127.023687,False,False,False
D004,T001,2026-01-02 08:06:20,44.04,0.787,0,2282.3,-0.22,37.514777,127.023682,False,False,False
D004,T001,2026-01-02 08:06:25,42.51,-0.473,0,2334.6,-7.94,37.514771,127.023809,False,False,False
D004,T001,2026-01-02 08:06:30,55.48,0.352,0,2775.1,-9.53,37.514764,127.023865,False,False,False
D004,T001,2026-01-02 08:06:35,26.14,-1.572,1,1760.1,-2.88,37.514735,127.024088,False,False,False
D004,T001,2026-01-02 08:06:40,40.42,0.941,0,2336.7,-4.81,37.514746,127.024022,False,False,False
D004,T001,2026-01-02 08:06:45,38.35,-4.862,1,1236.5,-5.04,37.514695,127.023933,False,True,False
D004,T001,2026-01-02 08:06:50,52.33,0.682,0,2974.1,-2.28,37.514907,127.024043,False,False,False
D004,T001,2026-01-02 08:06:55,41.74,-0.134,0,2145.8,-0.72,37.514794,127.023935,False,False,False
D004,T001,2026-01-02 08:07:00,59.7,0.931,0,2950.8,3.4,37.514748,127.023918,False,False,False
D004,T001,2026-01-02 08:07:05,47.78,-0.244,0,2554.2,-8.66,37.514707,127.023912,False,False,False
D004,T001,2026-01-02 08:07:10,36.44,-0.445,0,2094.7,-4.78,37.51487,127.024005,False,False,False
D004,T001,2026-01-02 08:07:15,42.4,0.027,0,2043.7,-1.12,37.514765,127.02406,False,False,False
D004,T001,2026-01-02 08:07:20,35.88,-0.441,0,1769.7,-1.37,37.514799,127.024102,False,False,False
D004,T001,2026-01-02 08:07:25,47.58,0.61,0,2145.2,12.85,37.514819,127.024065,False,False,False
D004,T002,2026-01-02 10:00:00,44.34,0.135,0,2295.4,16.03,37.51493,127.026135,False,False,False
D004,T002,2026-01-02 10:00:05,26.33,-0.866,0,1369.4,2.71,37.51491,127.026067,False,False,False
D004,T002,2026-01-02 10:00:10,47.43,1.93,0,2978.0,-2.27,37.514985,127.026162,False,False,False
D004,T002,2026-01-02 10:00:15,49.27,0.272,0,2535.0,6.69,37.515104,127.026103,False,False,False
D004,T002,2026-01-02 10:00:20,43.07,-0.027,0,2367.8,4.92,37.515043,127.026123,False,False,False
D004,T002,2026-01-02 10:00:25,32.6,-0.664,0,1946.1,9.18,37.515004,127.026143,False,False,False
D004,T002,2026-01-02 10:00:30,62.93,1.398,0,3195.4,-4.64,37.515179,127.026202,False,False,False
D004,T002,2026-01-02 10:00:35,34.87,-1.636,1,1474.9,2.23,37.515186,127.026225,False,False,False
D004,T002,2026-01-02 10:00:40,52.7,1.182,0,2971.1,-8.3,37.515332,127.026158,False,False,False
D004,T002,2026-01-02 10:00:45,48.4,-0.124,0,2372.3,4.66,37.515349,127.026237,False,False,False
D004,T002,2026-01-02 10:00:50,52.72,0.351,0,2746.1,-0.16,37.515368,127.026393,False,False,False
D004,T002,2026-01-02 10:00:55,63.57,-3.633,1,1970.1,1.97,37.515344,127.026341,False,True,False
D004,T002,2026-01-02 10:01:00,52.19,-0.732,0,2417.9,-1.02,37.515419,127.026176,False,False,False
D004,T002,2026-01-02 10:01:05,41.0,-0.667,0,2226.0,-1.76,37.515528,127.026221,False,False,False
D004,T002,2026-01-02 10:01:10,57.83,1.13,0,3173.7,-6.08,37.515445,127.026191,False,False,False
D004,T002,2026-01-02 10:01:15,40.34,-0.731,0,1919.0,5.53,37.515417,127.026179,False,False,False
D004,T002,2026-01-02 10:01:20,48.23,0.155,0,2313.5,10.43,37.51549,127.026229,False,False,False
D004,T002,2026-01-02 10:01:25,33.44,-0.604,0,1857.0,-3.9,37.51548,127.026188,False,False,False
D004,T002,2026-01-02 10:01:30,35.33,-4.249,1,1217.3,3.87,37.51544,127.026164,False,True,False
D004,T002,2026-01-02 10:01:35,46.0,0.72,0,2645.3,3.03,37.515521,127.026155,False,False,False
D004,T002,2026-01-02 10:01:40,48.87,0.105,0,2442.5,0.06,37.515609,127.026287,False,False,False
D004,T002,2026-01-02 10:01:45,27.72,-0.732,0,1685.0,-10.69,37.515573,127.02629,False,False,False
D004,T002,2026-01-02 10:01:50,49.44,1.082,0,3039.5,-9.11,37.51559,127.026179,False,False,False
D004,T002,2026-01-02 10:01:55,35.74,-0.706,0,1946.8,-5.47,37.515494,127.026071,False,False,False
D004,T002,2026-01-02 10:02:00,56.41,1.309,0,2762.1,-14.97,37.515422,127.026083,False,False,False
D004,T002,2026-01-02 10:02:05,39.45,-1.179,1,1968.3,9.86,37.515432,127.025982,False,False,False
D004,T002,2026-01-02 10:02:10,30.64,-4.678,1,1230.4,2.57,37.515435,127.025841,False,True,False
D004,T002,2026-01-02 10:02:15,42.16,0.561,0,2175.1,-0.21,37.515357,127.025898,False,False,False
D004,T002,2026-01-02 10:02:20,31.6,-0.726,0,1769.9,-15.33,37.5153,127.02596,False,False,False
D004,T002,2026-01-02 10:02:25,53.02,1.06,0,2845.1,-12.77,37.515215,127.025927,False,False,False
D004,T002,2026-01-02 10:02:30,39.73,-0.424,0,2125.0,-0.02,37.515251,127.025953,False,False,False
D004,T002,2026-01-02 10:02:35,37.64,-0.282,0,2102.7,13.79,37.515094,127.02597,False,False,False
D004,T002,2026-01-02 10:02:40,44.62,0.543,0,2691.7,-4.89,37.515013,127.026024,False,False,False
D004,T002,2026-01-02 10:02:45,28.06,-0.827,0,1637.4,6.05,37.514864,127.026079,False,False,False
D004,T002,2026-01-02 10:02:50,24.68,-0.575,0,1792.6,-3.36,37.514897,127.025844,False,False,False
D004,T002,2026-01-02 10:02:55,41.36,1.065,0,2469.2,0.39,37.514753,127.025823,False,False,False
D004,T002,2026-01-02 10:03:00,25.74,-1.255,1,1386.1,8.5,37.514756,127.025869,False,False,False
D004,T002,2026-01-02 10:03:05,25.42,0.157,0,1628.2,-2.42,37.514887,127.025832,False,False,False
D004,T002,2026-01-02 10:03:10,44.61,0.918,0,2241.5,-4.83,37.515021,127.025836,False,False,False
D004,T002,2026-01-02 10:03:15,41.23,-0.184,0,2261.2,9.93,37.514876,127.025903,False,False,False
D004,T002,2026-01-02 10:03:20,23.11,-1.36,1,1706.0,0.32,37.5149,127.02591,False,False,False
D004,T002,2026-01-02 10:03:25,29.38,0.38,0,2015.1,7.64,37.514821,127.026046,False,False,False
D004,T002,2026-01-02 10:03:30,26.49,0.098,0,1895.9,-4.8,37.514725,127.026148,False,False,False
D004,T002,2026-01-02 10:03:35,53.45,1.263,0,2870.8,9.85,37.514716,127.026137,False,False,False
D004,T002,2026-01-02 10:03:40,44.73,-0.65,0,2184.0,1.92,37.514815,127.026119,False,False,False
D004,T002,2026-01-02 10:03:45,31.52,-0.603,0,1966.3,3.04,37.514863,127.025863,False,False,False
D004,T002,2026-01-02 10:03:50,41.76,0.699,0,2785.2,0.92,37.514805,127.025833,False,False,False
D004,T002,2026-01-02 10:03:55,22.47,-1.742,1,1498.8,-3.54,37.514862,127.025711,False,False,False
D004,T002,2026-01-02 10:04:00,29.72,0.961,0,2216.8,-0.01,37.514682,127.025731,False,False,False
D004,T002,2026-01-02 10:04:05,37.92,0.599,0,2277.3,-3.1,37.514622,127.025745,False,False,False
D004,T002,2026-01-02 10:04:10,41.83,0.41,0,2400.2,6.72,37.514556,127.025808,False,False,False
D004,T002,2026-01-02 10:04:15,36.73,-0.321,0,1892.5,-1.42,37.514562,127.025933,False,False,False
D004,T002,2026-01-02 10:04:20,40.62,-0.301,0,1904.1,-10.48,37.514546,127.025931,False,False,False
D004,T002,2026-01-02 10:04:25,39.44,0.122,0,2015.0,-11.76,37.514535,127.026136,False,False,False
D004,T002,2026-01-02 10:04:30,37.51,-0.264,0,2076.3,-12.09,37.514521,127.026157,False,False,False
D004,T002,2026-01-02 10:04:35,36.74,0.109,0,2070.5,4.33,37.514523,127.026039,False,False,False
D004,T002,2026-01-02 10:04:40,35.98,-0.103,0,1786.1,-8.06,37.514566,127.025989,False,False,False
D004,T002,2026-01-02 10:04:45,43.17,0.463,0,2413.0,2.1,37.514578,127.025955,False,False,False
D004,T002,2026-01-02 10:04:50,45.5,-0.087,0,2320.6,0.96,37.514555,127.026008,False,False,False
D004,T002,2026-01-02 10:04:55,43.94,0.154,0,2166.6,-0.45,37.514587,127.025923,False,False,False
D004,T002,2026-01-02 10:05:00,30.56,-1.069,0,1587.5,3.07,37.514653,127.025896,False,False,False
D004,T002,2026-01-02 10:05:05,32.95,0.756,0,2079.1,1.11,37.514609,127.025882,False,False,False
D004,T002,2026-01-02 10:05:10,47.58,1.429,0,2671.1,-18.97,37.514604,127.025842,False,False,False
D004,T002,2026-01-02 10:05:15,58.87,1.077,0,3255.5,-2.27,37.514697,127.025915,False,False,False
D004,T002,2026-01-02 10:05:20,46.04,-0.354,0,1994.9,2.98,37.514609,127.025972,False,False,False
D004,T002,2026-01-02 10:05:25,40.71,-0.317,0,1806.8,11.48,37.514753,127.026077,False,False,False
D004,T002,2026-01-02 10:05:30,47.46,0.697,0,2617.4,11.81,37.514646,127.026047,False,False,False
D004,T002,2026-01-02 10:05:35,33.5,-4.969,1,912.9,-9.54,37.514618,127.026156,False,True,False
D004,T002,2026-01-02 10:05:40,58.26,0.934,0,3109.1,-2.45,37.514542,127.026033,False,False,False
D004,T002,2026-01-02 10:05:45,47.15,-0.195,0,2313.0,-10.96,37.514717,127.025908,False,False,False
D004,T002,2026-01-02 10:05:50,38.64,-0.155,0,1964.3,10.64,37.514677,127.025799,False,False,False
D004,T002,2026-01-02 10:05:55,43.71,0.271,0,2394.5,7.09,37.514637,127.0258,False,False,False
D004,T002,2026-01-02 10:06:00,39.99,-0.546,0,2010.1,2.45,37.514607,127.025908,False,False,False
D004,T002,2026-01-02 10:06:05,58.37,0.851,0,3301.0,1.16,37.514615,127.025854,False,False,False
D004,T002,2026-01-02 10:06:10,42.39,-5.56,1,1009.7,9.66,37.514589,127.025811,False,True,False
D004,T002,2026-01-02 10:06:15,45.79,0.451,0,2496.6,8.48,37.514578,127.025791,False,False,False
D004,T002,2026-01-02 10:06:20,49.67,-0.232,0,2933.2,8.11,37.514296,127.025843,False,False,False
D004,T002,2026-01-02 10:06:25,36.11,-0.669,0,1895.5,3.2,37.5143,127.0258,False,False,False
D004,T002,2026-01-02 10:06:30,45.1,0.262,0,2541.2,-2.44,37.514302,127.025752,False,False,False
D004,T002,2026-01-02 10:06:35,45.44,-0.378,0,2428.1,5.37,37.514385,127.025631,False,False,False
D004,T002,2026-01-02 10:06:40,26.58,-0.975,0,1670.8,5.71,37.51449,127.025579,False,False,False
D004,T002,2026-01-02 10:06:45,44.26,0.883,0,2601.1,-1.33,37.514475,127.025685,False,False,False
D004,T002,2026-01-02 10:06:50,40.76,0.04,0,2279.6,-2.46,37.51454,127.025693,False,False,False
D004,T002,2026-01-02 10:06:55,41.95,-0.287,0,2231.1,7.93,37.514452,127.025627,False,False,False
D004,T002,2026-01-02 10:07:00,40.42,-0.295,0,2055.7,11.65,37.514513,127.025738,False,False,False
D004,T002,2026-01-02 10:07:05,42.03,-0.575,0,2211.1,-5.25,37.514467,127.025685,False,False,False
D004,T002,2026-01-02 10:07:10,52.25,-0.043,0,2982.2,-1.84,37.514373,127.025813,False,False,False
D004,T002,2026-01-02 10:07:15,26.43,-0.925,0,1763.0,2.46,37.514358,127.02594,False,False,False
D004,T002,2026-01-02 10:07:20,34.39,1.019,0,2298.3,3.41,37.51447,127.025945,False,False,False
D004,T002,2026-01-02 10:07:25,44.04,0.558,0,2624.1,-3.66,37.514484,127.02581,False,False,False
D004,T003,2026-01-02 12:00:00,60.78,-0.427,0,3160.0,1.02,37.514959,127.028873,False,False,False
D004,T003,2026-01-02 12:00:05,46.08,-5.381,1,1162.0,-7.19,37.515148,127.029085,False,True,False
D004,T003,2026-01-02 12:00:10,47.75,0.249,0,2590.3,-3.06,37.515167,127.028946,False,False,False
D004,T003,2026-01-02 12:00:15,60.7,1.167,0,3066.5,-2.24,37.515162,127.028764,False,False,False
D004,T003,2026-01-02 12:00:20,38.99,-1.145,1,1817.8,-8.73,37.515257,127.028758,False,False,False
D004,T003,2026-01-02 12:00:25,43.15,0.507,0,2121.9,2.71,37.515228,127.028656,False,False,False
D004,T003,2026-01-02 12:00:30,31.81,-1.181,1,1389.0,-3.54,37.515308,127.028653,False,False,False
D004,T003,2026-01-02 12:00:35,43.1,0.484,0,2204.5,-2.49,37.515175,127.028646,False,False,False
D004,T003,2026-01-02 12:00:40,30.16,-1.235,1,1636.6,-3.98,37.515139,127.028628,False,False,False
D004,T003,2026-01-02 12:00:45,53.03,1.479,0,3172.1,20.71,37.515223,127.028553,False,False,False
D004,T003,2026-01-02 12:00:50,49.95,-0.6,0,2094.7,-4.64,37.515348,127.028592,False,False,False
D004,T003,2026-01-02 12:00:55,42.61,-4.933,1,1114.6,-14.48,37.515286,127.028563,False,True,False
D004,T003,2026-01-02 12:01:00,44.56,0.251,0,2174.3,-11.2,37.515215,127.028662,False,False,False
D004,T003,2026-01-02 12:01:05,53.38,0.782,0,2789.2,5.32,37.515261,127.028646,False,False,False
D004,T003,2026-01-02 12:01:10,34.31,-1.096,0,1969.0,9.36,37.515211,127.028559,False,False,False
D004,T003,2026-01-02 12:01:15,47.8,0.903,0,2593.3,-4.77,37.515189,127.028407,False,False,False
D004,T003,2026-01-02 12:01:20,52.72,0.421,0,2726.5,8.95,37.515259,127.028392,False,False,False
D004,T003,2026-01-02 12:01:25,27.58,-1.447,1,1731.4,5.19,37.515216,127.028278,False,False,False
D004,T003,2026-01-02 12:01:30,52.18,1.053,0,2938.1,-1.33,37.515059,127.028156,False,False,False
D004,T003,2026-01-02 12:01:35,28.19,-1.167,1,1414.9,-1.82,37.514955,127.028204,False,False,False
D004,T003,2026-01-02 12:01:40,43.56,1.019,0,2584.0,1.27,37.514955,127.028044,False,False,False
D004,T003,2026-01-02 12:01:45,32.7,-0.351,0,1735.8,6.14,37.514806,127.028171,False,False,False
D004,T003,2026-01-02 12:01:50,58.43,1.506,0,3243.5,2.78,37.514782,127.028185,False,False,False
D004,T003,2026-01-02 12:01:55,31.88,-1.79,1,1633.0,-4.74,37.514671,127.028181,False,False,False
D004,T003,2026-01-02 12:02:00,26.46,-0.107,0,1480.0,-1.22,37.514802,127.028088,False,False,False
D004,T003,2026-01-02 12:02:05,43.9,0.962,0,2586.0,13.87,37.514976,127.028157,False,False,False
D004,T003,2026-01-02 12:02:10,37.85,-0.468,0,2012.6,1.76,37.514891,127.028157,False,False,False
D004,T003,2026-01-02 12:02:15,26.31,-0.719,0,1684.4,6.09,37.514911,127.028095,False,False,False
D004,T003,2026-01-02 12:02:20,46.17,0.904,0,2768.2,3.78,37.514835,127.028113,False,False,False
D004,T003,2026-01-02 12:02:25,20.3,-1.18,1,1366.4,1.91,37.51481,127.027961,False,False,False
D004,T003,2026-01-02 12:02:30,29.31,0.103,0,1814.7,0.76,37.514954,127.027814,False,False,False
D004,T003,2026-01-02 12:02:35,33.38,-0.052,0,2141.4,6.28,37.514917,127.027713,False,False,False
D004,T003,2026-01-02 12:02:40,46.71,0.644,0,2422.7,5.03,37.514894,127.027745,False,False,False
D004,T003,2026-01-02 12:02:45,51.23,0.698,0,2507.8,1.85,37.514818,127.027745,False,False,False
D004,T003,2026-01-02 12:02:50,48.86,0.162,0,1971.8,-4.86,37.51491,127.027839,False,False,False
D004,T003,2026-01-02 12:02:55,35.73,-1.181,1,1792.3,2.7,37.514649,127.027756,False,False,False
D004,T003,2026-01-02 12:03:00,12.49,-0.906,0,927.5,-0.47,37.514614,127.027808,False,False,False
D004,T003,2026-01-02 12:03:05,40.57,1.925,0,2724.3,-2.16,37.51461,127.027798,False,False,False
D004,T003,2026-01-02 12:03:10,51.11,0.255,0,2289.0,18.75,37.514557,127.027713,False,False,False
D004,T003,2026-01-02 12:03:15,47.9,-5.051,1,1251.0,-10.77,37.514626,127.027747,False,True,False
D004,T003,2026-01-02 12:03:20,39.96,-0.458,0,2192.5,6.71,37.514722,127.027742,False,False,False
D004,T003,2026-01-02 12:03:25,23.25,-0.61,0,1320.7,-6.04,37.514609,127.027685,False,False,False
D004,T003,2026-01-02 12:03:30,29.93,0.811,0,2119.7,0.92,37.514777,127.027689,False,False,False
D004,T003,2026-01-02 12:03:35,54.66,1.123,0,2855.1,17.98,37.514663,127.027677,False,False,False
D004,T003,2026-01-02 12:03:40,21.06,-1.367,1,1259.3,-6.74,37.514766,127.027663,False,False,False
D004,T003,2026-01-02 12:03:45,23.82,-0.467,0,1664.1,-5.07,37.514778,127.027626,False,False,False
D004,T003,2026-01-02 12:03:50,45.04,1.069,0,2787.9,-0.12,37.514738,127.027509,False,False,False
D004,T003,2026-01-02 12:03:55,31.44,-0.866,0,1745.0,-5.93,37.514705,127.027515,False,False,False
D004,T003,2026-01-02 12:04:00,24.22,-0.078,0,1509.9,6.19,37.514702,127.027443,False,False,False
D004,T003,2026-01-02 12:04:05,51.89,1.888,0,2947.3,-3.74,37.514719,127.027351,False,False,False
D004,T003,2026-01-02 12:04:10,41.58,-0.304,0,2311.6,4.58,37.514645,127.02733,False,False,False
D004,T003,2026-01-02 12:04:15,33.49,-0.822,0,1623.9,-9.3,37.514627,127.027396,False,False,False
D004,T003,2026-01-02 12:04:20,26.3,-0.157,0,1677.6,-12.65,37.514565,127.027412,False,False,False
D004,T003,2026-01-02 12:04:25,58.96,1.944,0,3213.1,-1.6,37.514468,127.027365,False,False,False
D004,T003,2026-01-02 12:04:30,38.58,-1.59,1,1793.3,-10.98,37.514402,127.027313,False,False,False
D004,T003,2026-01-02 12:04:35,53.37,0.241,0,2535.9,10.63,37.51431,127.02737,False,False,False
D004,T003,2026-01-02 12:04:40,48.89,0.041,0,2187.9,-10.71,37.514277,127.027155,False,False,False
D004,T003,2026-01-02 12:04:45,35.2,-0.805,0,1963.3,-7.26,37.514311,127.027226,False,False,False
D004,T003,2026-01-02 12:04:50,35.79,-0.325,0,2169.0,2.9,37.514321,127.027058,False,False,False
D004,T003,2026-01-02 12:04:55,56.05,1.06,0,2666.5,-4.1,37.514479,127.02693,False,False,False
D004,T003,2026-01-02 12:05:00,56.76,0.14,0,2877.0,-10.63,37.514302,127.026884,False,False,False
D004,T003,2026-01-02 12:05:05,23.65,-1.851,1,1441.8,14.28,37.51434,127.027079,False,False,False
D004,T003,2026-01-02 12:05:10,48.5,0.94,0,2813.0,-7.01,37.51434,127.02723,False,False,False
D004,T003,2026-01-02 12:05:15,42.25,0.18,0,2250.9,-1.37,37.514406,127.027294,False,False,False
D004,T003,2026-01-02 12:05:20,33.5,-0.203,0,1774.4,-1.46,37.514463,127.027326,False,False,False
D004,T003,2026-01-02 12:05:25,46.88,0.645,0,2600.5,4.97,37.51445,127.027158,False,False,False
D004,T003,2026-01-02 12:05:30,30.95,-0.961,0,1735.6,3.24,37.514463,127.027173,False,False,False
D004,T003,2026-01-02 12:05:35,40.11,0.605,0,2364.0,-5.79,37.514404,127.027123,False,False,False
D004,T003,2026-01-02 12:05:40,36.92,-0.49,0,1965.1,-2.28,37.514453,127.02705,False,False,False
D004,T003,2026-01-02 12:05:45,40.07,0.264,0,2075.6,-1.59,37.514303,127.027064,False,False,False
D004,T003,2026-01-02 12:05:50,44.41,-0.131,0,2407.4,5.24,37.514365,127.027021,False,False,False
D004,T003,2026-01-02 12:05:55,34.92,-0.544,0,2002.4,-8.18,37.514363,127.027099,False,False,False
D004,T003,2026-01-02 12:06:00,60.39,-3.092,1,2259.0,14.13,37.514324,127.026925,False,True,False
D004,T003,2026-01-02 12:06:05,49.36,-0.919,0,2346.2,-5.31,37.514305,127.026932,False,False,False
D004,T003,2026-01-02 12:06:10,62.72,4.274,0,4225.1,-0.06,37.514293,127.026853,True,False,False
D004,T003,2026-01-02 12:06:15,42.82,-1.082,0,1955.3,-8.12,37.514397,127.026816,False,False,False
D004,T003,2026-01-02 12:06:20,38.62,-0.174,0,2355.7,-9.09,37.514655,127.026843,False,False,False
D004,T003,2026-01-02 12:06:25,61.45,0.7,0,2961.0,-6.12,37.514753,127.026743,False,False,False
D004,T003,2026-01-02 12:06:30,37.52,-1.486,1,1998.3,-6.79,37.514708,127.026758,False,False,False
D004,T003,2026-01-02 12:06:35,41.13,0.328,0,2542.7,-2.9,37.514758,127.026738,False,False,False
D004,T003,2026-01-02 12:06:40,49.72,0.528,0,2603.9,-6.85,37.514812,127.026679,False,False,False
D004,T003,2026-01-02 12:06:45,29.44,-1.718,1,1772.1,4.87,37.514738,127.026637,False,False,False
D004,T003,2026-01-02 12:06:50,48.55,1.112,0,2829.8,-5.48,37.514637,127.026623,False,False,False
D004,T003,2026-01-02 12:06:55,46.73,0.002,0,2281.4,-6.26,37.514632,127.026554,False,False,False
D004,T003,2026-01-02 12:07:00,53.13,0.71,0,2745.3,-2.75,37.514696,127.026554,False,False,False
D004,T003,2026-01-02 12:07:05,48.73,-0.425,0,2617.2,6.95,37.514568,127.026529,False,False,False
D004,T003,2026-01-02 12:07:10,52.22,-0.431,0,2697.0,1.5,37.51451,127.026474,False,False,False
D004,T003,2026-01-02 12:07:15,37.44,-1.093,0,1692.2,-0.7,37.514556,127.026617,False,False,False
D004,T003,2026-01-02 12:07:20,29.3,-0.755,0,1655.1,-10.03,37.514559,127.026655,False,False,False
D004,T003,2026-01-02 12:07:25,58.74,1.829,0,3286.1,-8.0,37.514672,127.02662,False,False,False
D004,T004,2026-01-02 14:00:00,28.64,-4.765,1,927.1,8.56,37.514893,127.032025,False,True,False
D004,T004,2026-01-02 14:00:05,55.22,1.418,0,2817.2,-6.79,37.514924,127.031969,False,False,False
D004,T004,2026-01-02 14:00:10,48.01,0.05,0,2454.2,0.0,37.514773,127.031976,False,False,False
D004,T004,2026-01-02 14:00:15,34.53,-0.777,0,1969.9,6.68,37.514801,127.032031,False,False,False
D004,T004,2026-01-02 14:00:20,38.06,0.374,0,2377.5,6.4,37.514684,127.032207,False,False,False
D004,T004,2026-01-02 14:00:25,36.01,0.541,0,1873.7,5.56,37.514653,127.032196,False,False,False
D004,T004,2026-01-02 14:00:30,35.87,0.105,0,2076.0,2.12,37.514725,127.032192,False,False,False
D004,T004,2026-01-02 14:00:35,49.81,0.557,0,2748.8,5.07,37.514743,127.03233,False,False,False
D004,T004,2026-01-02 14:00:40,42.64,-0.57,0,2183.6,9.61,37.514611,127.03228,False,False,False
D004,T004,2026-01-02 14:00:45,66.81,1.334,0,3657.0,2.98,37.514557,127.032161,False,False,False
D004,T004,2026-01-02 14:00:50,58.7,-0.624,0,2560.7,-12.86,37.514437,127.032184,False,False,False
D004,T004,2026-01-02 14:00:55,59.5,-0.111,0,2479.6,-3.7,37.514302,127.032281,False,False,False
D004,T004,2026-01-02 14:01:00,53.27,-0.07,0,2791.7,4.87,37.514311,127.032313,False,False,False
D004,T004,2026-01-02 14:01:05,42.39,-0.315,0,2125.3,-4.39,37.514356,127.032304,False,False,False
D004,T004,2026-01-02 14:01:10,52.65,0.108,0,2347.2,11.34,37.514391,127.032174,False,False,False
D004,T004,2026-01-02 14:01:15,43.07,-0.756,0,2119.4,-0.44,37.514439,127.032169,False,False,False
D004,T004,2026-01-02 14:01:20,62.89,0.965,0,3422.1,0.6,37.514438,127.03228,False,False,False
D004,T004,2026-01-02 14:01:25,49.92,-4.721,1,1281.2,7.87,37.514417,127.032169,False,True,False
D004,T004,2026-01-02 14:01:30,48.33,0.23,0,2964.2,-1.28,37.514331,127.032147,False,False,False
D004,T004,2026-01-02 14:01:35,46.8,0.667,0,2437.0,1.23,37.514296,127.032112,False,False,False
D004,T004,2026-01-02 14:01:40,62.71,0.749,0,3162.3,6.29,37.51419,127.032049,False,False,False
D004,T004,2026-01-02 14:01:45,30.75,1.2,0,1940.1,-10.31,37.514122,127.032071,False,False,False
D004,T004,2026-01-02 14:01:50,63.3,1.96,0,3440.9,-2.0,37.514129,127.032111,False,False,False
D004,T004,2026-01-02 14:01:55,42.45,-1.34,1,1974.3,5.8,37.51412,127.03215,False,False,False
D004,T004,2026-01-02 14:02:00,29.68,-0.744,0,1427.4,0.46,37.514365,127.032062,False,False,False
D004,T004,2026-01-02 14:02:05,35.74,0.219,0,2621.9,10.27,37.514257,127.031914,False,False,False
D004,T004,2026-01-02 14:02:10,26.07,-1.263,1,1369.5,-11.03,37.514247,127.031938,False,False,False
D004,T004,2026-01-02 14:02:15,48.73,1.285,0,2700.3,-11.83,37.514134,127.031892,False,False,False
D004,T004,2026-01-02 14:02:20,31.13,-1.022,0,1858.1,5.39,37.514102,127.032058,False,False,False
D004,T004,2026-01-02 14:02:25,42.77,0.996,0,2849.6,6.06,37.514075,127.032227,False,False,False
D004,T004,2026-01-02 14:02:30,51.93,0.507,0,2930.1,-1.35,37.514142,127.032406,False,False,False
D004,T004,2026-01-02 14:02:35,33.16,-1.385,1,1456.8,2.8,37.514106,127.032322,False,False,False
D004,T004,2026-01-02 14:02:40,36.7,0.123,0,2163.4,5.22,37.514091,127.032373,False,False,False
D004,T004,2026-01-02 14:02:45,25.71,-1.188,1,1124.0,-5.7,37.514057,127.032451,False,False,False
D004,T004,2026-01-02 14:02:50,34.41,0.143,0,2213.9,-4.95,37.513945,127.03252,False,False,False
D004,T004,2026-01-02 14:02:55,63.82,1.8,0,3121.7,1.33,37.513892,127.032488,False,False,False
D004,T004,2026-01-02 14:03:00,45.35,-1.089,0,2007.7,6.33,37.513862,127.032603,False,False,False
D004,T004,2026-01-02 14:03:05,34.54,-0.34,0,1949.0,-8.16,37.513868,127.032603,False,False,False
D004,T004,2026-01-02 14:03:10,30.69,-0.759,0,1806.5,-1.39,37.513912,127.032614,False,False,False
D004,T004,2026-01-02 14:03:15,36.55,3.335,0,2779.4,-1.71,37.513894,127.032476,True,False,False
D004,T004,2026-01-02 14:03:20,38.09,-0.047,0,2408.2,2.93,37.513873,127.032534,False,False,False
D004,T004,2026-01-02 14:03:25,32.48,-0.044,0,2074.8,-0.06,37.513736,127.032511,False,False,False
D004,T004,2026-01-02 14:03:30,42.0,0.713,0,2550.8,-3.82,37.513779,127.032552,False,False,False
D004,T004,2026-01-02 14:03:35,27.46,2.456,0,2102.8,8.74,37.513723,127.032574,False,False,False
D004,T004,2026-01-02 14:03:40,27.53,0.433,0,2187.2,-3.77,37.513783,127.03259,False,False,False
D004,T004,2026-01-02 14:03:45,41.02,0.642,0,2241.6,-2.04,37.513888,127.032586,False,False,False
D004,T004,2026-01-02 14:03:50,25.77,-0.471,0,1935.3,-11.14,37.513873,127.032657,False,False,False
D004,T004,2026-01-02 14:03:55,45.08,0.775,0,2917.3,-5.0,37.513792,127.032639,False,False,False
D004,T004,2026-01-02 14:04:00,37.86,-0.699,0,2075.7,3.61,37.51379,127.032508,False,False,False
D004,T004,2026-01-02 14:04:05,19.98,-0.777,0,1544.0,2.24,37.513818,127.032559,False,False,False
D004,T004,2026-01-02 14:04:10,39.83,0.677,0,1798.1,4.2,37.513793,127.032486,False,False,False
D004,T004,2026-01-02 14:04:15,22.22,-0.813,0,1391.6,3.86,37.513748,127.032367,False,False,False
D004,T004,2026-01-02 14:04:20,46.64,1.376,0,2936.8,14.61,37.513793,127.032275,False,False,False
D004,T004,2026-01-02 14:04:25,37.69,-0.195,0,2255.0,-5.24,37.513833,127.0323,False,False,False
D004,T004,2026-01-02 14:04:30,59.36,1.179,0,2908.0,-11.34,37.513805,127.032292,False,False,False
D004,T004,2026-01-02 14:04:35,52.05,-0.387,0,2481.7,-7.35,37.513673,127.0321,False,False,False
D004,T004,2026-01-02 14:04:40,31.16,-1.011,0,1230.6,-4.93,37.513709,127.032065,False,False,False
D004,T004,2026-01-02 14:04:45,22.04,-0.688,0,1522.2,-6.82,37.513648,127.03217,False,False,False
D004,T004,2026-01-02 14:04:50,35.31,0.536,0,1829.5,0.66,37.513665,127.03213,False,False,False
D004,T004,2026-01-02 14:04:55,31.18,-0.096,0,2092.4,8.77,37.513677,127.032115,False,False,False
D004,T004,2026-01-02 14:05:00,62.38,1.714,0,3560.8,10.78,37.513526,127.032209,False,False,False
D004,T004,2026-01-02 14:05:05,44.39,-1.106,1,2030.5,3.53,37.513532,127.03228,False,False,False
D004,T004,2026-01-02 14:05:10,54.36,0.527,0,2908.2,14.99,37.513573,127.032372,False,False,False
D004,T004,2026-01-02 14:05:15,42.59,-0.206,0,2213.7,-2.49,37.513624,127.032123,False,False,False
D004,T004,2026-01-02 14:05:20,44.04,-0.043,0,2381.3,-11.43,37.513634,127.032279,False,False,False
D004,T004,2026-01-02 14:05:25,45.86,-0.031,0,2195.8,7.37,37.513476,127.032336,False,False,False
D004,T004,2026-01-02 14:05:30,57.57,0.172,0,2957.3,-12.87,37.513578,127.032558,False,False,False
D004,T004,2026-01-02 14:05:35,49.82,-0.44,0,2151.7,-5.29,37.513611,127.032487,False,False,False
D004,T004,2026-01-02 14:05:40,36.25,-0.566,0,1628.8,3.64,37.513514,127.032329,False,False,False
D004,T004,2026-01-02 14:05:45,63.39,1.73,0,3364.1,-0.72,37.513451,127.032329,False,False,False
D004,T004,2026-01-02 14:05:50,44.19,-1.03,0,2087.9,-1.34,37.51347,127.032304,False,False,False
D004,T004,2026-01-02 14:05:55,42.6,0.178,0,2386.4,-8.27,37.513524,127.032363,False,False,False
D004,T004,2026-01-02 14:06:00,18.67,-1.117,1,1122.2,-0.08,37.513485,127.03246,False,False,False
D004,T004,2026-01-02 14:06:05,53.47,2.23,0,3497.9,7.03,37.513551,127.032452,False,False,False
D004,T004,2026-01-02 14:06:10,48.33,3.07,0,3197.5,0.14,37.513408,127.03243,True,False,False
D004,T004,2026-01-02 14:06:15,48.14,0.426,0,2622.6,-5.81,37.513324,127.032478,False,False,False
D004,T004,2026-01-02 14:06:20,42.79,-0.343,0,2265.0,-8.73,37.513159,127.032454,False,False,False
D004,T004,2026-01-02 14:06:25,40.67,-0.486,0,2306.6,-5.67,37.513088,127.032424,False,False,False
D004,T004,2026-01-02 14:06:30,41.88,-3.921,1,1514.9,2.75,37.513208,127.032517,False,True,False
D004,T004,2026-01-02 14:06:35,49.86,0.658,0,2769.5,2.41,37.513373,127.032631,False,False,False
D004,T004,2026-01-02 14:06:40,51.22,0.512,0,2836.6,-5.6,37.513392,127.032728,False,False,False
D004,T004,2026-01-02 14:06:45,42.01,-0.152,0,1916.4,-15.48,37.51334,127.032713,False,False,False
D004,T004,2026-01-02 14:06:50,53.43,1.172,0,2602.8,2.94,37.513323,127.03252,False,False,False
D004,T004,2026-01-02 14:06:55,42.56,-0.427,0,2189.5,-6.28,37.513361,127.032507,False,False,False
D004,T004,2026-01-02 14:07:00,37.74,-0.203,0,2052.9,4.82,37.513236,127.032439,False,False,False
D004,T004,2026-01-02 14:07:05,44.21,-0.028,0,2451.2,-5.29,37.51319,127.032427,False,False,False
D004,T004,2026-01-02 14:07:10,27.98,-0.81,0,1626.7,-6.92,37.513305,127.032367,False,False,False
D004,T004,2026-01-02 14:07:15,43.44,0.699,0,2585.5,1.07,37.513221,127.032365,False,False,False
D004,T004,2026-01-02 14:07:20,25.04,-0.956,0,1266.8,16.5,37.513161,127.032271,False,False,False
D004,T004,2026-01-02 14:07:25,29.71,0.273,0,1918.2,5.24,37.513162,127.032156,False,False,False
D005,T001,2026-01-02 16:00:00,74.56,-0.201,0,3254.5,-12.14,37.52,127.023121,False,False,False
D005,T001,2026-01-02 16:00:05,79.38,0.251,0,3890.6,9.38,37.520082,127.023155,False,False,False
D005,T001,2026-01-02 16:00:10,39.51,-2.684,1,1350.4,-2.25,37.520028,127.023059,False,False,False
D005,T001,2026-01-02 16:00:15,52.11,0.925,0,2792.6,3.54,37.519882,127.0231,False,False,False
D005,T001,2026-01-02 16:00:20,26.03,-1.707,1,1233.6,4.75,37.519829,127.02316,False,False,False
D005,T001,2026-01-02 16:00:25,107.62,4.371,0,5295.2,-8.72,37.519764,127.023111,True,False,True
D005,T001,2026-01-02 16:00:30,104.2,-0.248,0,4250.5,-6.46,37.519714,127.022981,False,False,True
D005,T001,2026-01-02 16:00:35,82.92,-1.163,1,3731.9,10.83,37.519637,127.02299,False,False,False
D005,T001,2026-01-02 16:00:40,78.35,-0.348,0,3463.3,2.03,37.5196,127.0229,False,False,False
D005,T001,2026-01-02 16:00:45,46.42,-1.781,1,1893.8,-4.06,37.51965,127.023001,False,False,False
D005,T001,2026-01-02 16:00:50,72.17,1.405,0,3283.8,-0.88,37.519787,127.022964,False,False,False
D005,T001,2026-01-02 16:00:55,110.85,2.01,0,4751.5,7.6,37.519649,127.02312,False,False,True
D005,T001,2026-01-02 16:01:00,79.22,-1.961,1,3015.6,6.54,37.519546,127.022929,False,False,False
D005,T001,2026-01-02 16:01:05,66.05,-0.426,0,2887.7,-10.26,37.519482,127.022941,False,False,False
D005,T001,2026-01-02 16:01:10,42.68,-6.047,1,930.6,11.44,37.519544,127.023069,False,True,False
D005,T001,2026-01-02 16:01:15,102.68,3.254,0,4648.0,6.76,37.519527,127.022989,True,False,True
D005,T001,2026-01-02 16:01:20,74.84,-1.667,1,3011.3,-1.07,37.519469,127.022975,False,False,False
D005,T001,2026-01-02 16:01:25,42.45,-1.671,1,2110.6,-8.34,37.519527,127.022939,False,False,False
D005,T001,2026-01-02 16:01:30,58.12,0.46,0,3219.4,7.38,37.519603,127.022877,False,False,False
D005,T001,2026-01-02 16:01:35,51.08,-0.527,0,2129.9,3.33,37.519602,127.022899,False,False,False
D005,T001,2026-01-02 16:01:40,72.68,1.163,0,3432.9,-10.2,37.519536,127.022782,False,False,False
D005,T001,2026-01-02 16:01:45,78.84,0.638,0,3517.1,-1.62,37.519558,127.022772,False,False,False
D005,T001,2026-01-02 16:01:50,64.85,-0.68,0,2931.7,21.88,37.519539,127.022819,False,False,False
D005,T001,2026-01-02 16:01:55,88.85,0.995,0,3870.4,0.12,37.51952,127.0228,False,False,False
D005,T001,2026-01-02 16:02:00,75.0,-0.9,0,3504.7,-5.19,37.519479,127.02271,False,False,False
D005,T001,2026-01-02 16:02:05,93.33,1.258,0,4307.8,-7.06,37.519553,127.022802,False,False,False
D005,T001,2026-01-02 16:02:10,65.61,-1.864,1,2648.4,12.4,37.519573,127.022868,False,False,False
D005,T001,2026-01-02 16:02:15,130.13,3.539,0,6339.9,5.93,37.519656,127.022774,True,False,True
D005,T001,2026-01-02 16:02:20,60.03,-8.044,1,1118.5,9.85,37.519763,127.022658,False,True,False
D005,T001,2026-01-02 16:02:25,52.98,-0.497,0,2614.0,1.74,37.5198,127.022572,False,False,False
D005,T001,2026-01-02 16:02:30,50.16,0.594,0,2551.1,8.78,37.519759,127.022621,False,False,False
D005,T001,2026-01-02 16:02:35,65.2,0.715,0,2977.5,-5.94,37.519842,127.022646,False,False,False
D005,T001,2026-01-02 16:02:40,35.84,-1.495,1,1629.6,1.14,37.51988,127.022717,False,False,False
D005,T001,2026-01-02 16:02:45,73.84,1.884,0,4168.6,2.01,37.520088,127.022688,False,False,False
D005,T001,2026-01-02 16:02:50,31.31,-2.2,1,1544.5,9.68,37.520113,127.022605,False,False,False
D005,T001,2026-01-02 16:02:55,70.44,2.402,0,3822.9,2.23,37.520168,127.022687,False,False,False
D005,T001,2026-01-02 16:03:00,41.1,-1.783,1,1679.3,-4.38,37.520192,127.022637,False,False,False
D005,T001,2026-01-02 16:03:05,59.31,0.99,0,3248.2,0.45,37.520184,127.022654,False,False,False
D005,T001,2026-01-02 16:03:10,77.84,0.774,0,3422.5,-11.73,37.520163,127.022515,False,False,False
D005,T001,2026-01-02 16:03:15,110.08,1.46,0,4631.8,-16.25,37.520187,127.022463,False,False,True
D005,T001,2026-01-02 16:03:20,45.25,-3.289,1,1564.1,5.82,37.520228,127.022554,False,True,False
D005,T001,2026-01-02 16:03:25,62.85,0.818,0,3518.7,-2.62,37.520321,127.02249,False,False,False
D005,T001,2026-01-02 16:03:30,51.75,-1.284,1,2668.5,-1.83,37.520345,127.022563,False,False,False
D005,T001,2026-01-02 16:03:35,49.02,0.34,0,2510.2,5.82,37.520308,127.022353,False,False,False
D005,T001,2026-01-02 16:03:40,52.02,-0.057,0,2484.7,9.78,37.520282,127.022303,False,False,False
D005,T001,2026-01-02 16:03:45,81.58,1.563,0,3672.1,3.74,37.520176,127.022288,False,False,False
D005,T001,2026-01-02 16:03:50,56.72,-0.915,0,2591.3,13.5,37.520309,127.022444,False,False,False
D005,T001,2026-01-02 16:03:55,109.32,2.863,0,5226.0,3.52,37.520266,127.022339,True,False,True
D005,T001,2026-01-02 16:04:00,74.55,-1.964,1,3094.6,2.12,37.520343,127.0224,False,False,False
D005,T001,2026-01-02 16:04:05,47.58,-1.83,1,2229.2,1.68,37.520365,127.022495,False,False,False
D005,T001,2026-01-02 16:04:10,60.23,0.243,0,2915.7,-9.0,37.52039,127.02243,False,False,False
D005,T001,2026-01-02 16:04:15,52.34,-0.482,0,2623.6,6.69,37.52038,127.022396,False,False,False
D005,T001,2026-01-02 16:04:20,83.46,1.819,0,3961.7,-17.12,37.520317,127.022409,False,False,False
D005,T001,2026-01-02 16:04:25,37.33,-2.461,1,1674.4,-4.1,37.52024,127.022276,False,False,False
D005,T001,2026-01-02 16:04:30,43.54,0.209,0,2284.9,0.16,37.520378,127.022235,False,False,False
D005,T001,2026-01-02 16:04:35,58.42,0.827,0,3100.7,-5.53,37.520387,127.022349,False,False,False
D005,T001,2026-01-02 16:04:40,83.29,0.862,0,3939.4,-3.16,37.520477,127.022396,False,False,False
D005,T001,2026-01-02 16:04:45,94.38,0.74,0,4234.3,12.88,37.520588,127.022382,False,False,False
D005,T001,2026-01-02 16:04:50,97.76,0.232,0,4367.9,7.73,37.520555,127.022393,False,False,False
D005,T001,2026-01-02 16:04:55,82.1,-0.315,0,3289.5,-4.8,37.520589,127.022445,False,False,False
D005,T001,2026-01-02 16:05:00,70.92,-0.615,0,2934.0,-3.29,37.520593,127.022514,False,False,False
D005,T001,2026-01-02 16:05:05,88.17,0.69,0,3951.1,-8.94,37.5205,127.022464,False,False,False
D005,T001,2026-01-02 16:05:10,51.56,-2.035,1,1895.6,4.93,37.520485,127.022602,False,False,False
D005,T001,2026-01-02 16:05:15,38.6,-0.806,0,1911.7,-1.75,37.520532,127.022721,False,False,False
D005,T001,2026-01-02 16:05:20,82.65,2.552,0,4154.0,-13.77,37.520492,127.022782,True,False,False
D005,T001,2026-01-02 16:05:25,55.42,-1.495,1,2640.9,0.71,37.520466,127.022706,False,False,False
D005,T001,2026-01-02 16:05:30,73.66,0.657,0,3524.7,3.07,37.520452,127.022614,False,False,False
D005,T001,2026-01-02 16:05:35,77.4,-0.249,0,3612.0,6.74,37.520621,127.022585,False,False,False
D005,T001,2026-01-02 16:05:40,80.06,0.22,0,3674.6,-0.51,37.520475,127.02259,False,False,False
D005,T001,2026-01-02 16:05:45,93.43,1.123,0,4177.2,-2.61,37.520515,127.022431,False,False,False
D005,T001,2026-01-02 16:05:50,91.48,-0.085,0,3965.7,13.9,37.520495,127.022476,False,False,False
D005,T001,2026-01-02 16:05:55,79.34,-0.444,0,3581.0,0.05,37.520443,127.022591,False,False,False
D005,T001,2026-01-02 16:06:00,67.14,-0.392,0,3261.3,5.04,37.520421,127.022643,False,False,False
D005,T001,2026-01-02 16:06:05,77.55,0.649,0,3605.6,-3.78,37.520474,127.022582,False,False,False
D005,T001,2026-01-02 16:06:10,63.88,-0.981,0,2509.8,4.83,37.520532,127.022511,False,False,False
D005,T001,2026-01-02 16:06:15,71.31,0.464,0,3067.3,-10.19,37.520547,127.022538,False,False,False
D005,T001,2026-01-02 16:06:20,124.9,3.293,0,5762.3,-3.23,37.520635,127.022524,True,False,True
D005,T001,2026-01-02 16:06:25,77.99,-2.442,1,2543.6,-8.46,37.520736,127.022564,False,False,False
D005,T001,2026-01-02 16:06:30,82.75,0.471,0,4090.5,-4.23,37.520801,127.022618,False,False,False
D005,T001,2026-01-02 16:06:35,60.21,-1.373,1,2702.4,8.75,37.520758,127.022716,False,False,False
D005,T001,2026-01-02 16:06:40,92.74,1.739,0,4271.4,-4.29,37.520797,127.022615,False,False,False
D005,T001,2026-01-02 16:06:45,87.27,-0.335,0,3543.8,5.03,37.520837,127.022635,False,False,False
D005,T001,2026-01-02 16:06:50,86.88,-0.036,0,3981.3,10.62,37.520772,127.022602,False,False,False
D005,T001,2026-01-02 16:06:55,75.82,-0.286,0,3164.4,-0.19,37.520646,127.022593,False,False,False
D005,T001,2026-01-02 16:07:00,90.86,0.177,0,3794.7,6.96,37.520485,127.022671,False,False,False
D005,T001,2026-01-02 16:07:05,94.84,0.228,0,3986.9,3.72,37.52049,127.022758,False,False,False
D005,T001,2026-01-02 16:07:10,75.37,-1.097,0,3191.9,0.82,37.520514,127.022884,False,False,False
D005,T001,2026-01-02 16:07:15,67.17,-0.834,0,3062.0,5.25,37.52042,127.022922,False,False,False
D005,T001,2026-01-02 16:07:20,85.96,1.224,0,4256.6,12.88,37.520503,127.022913,False,False,False
D005,T001,2026-01-02 16:07:25,51.02,-2.13,1,2304.2,-4.46,37.520515,127.02289,False,False,False
D005,T002,2026-01-02 18:00:00,53.72,-0.481,0,2756.1,0.44,37.520242,127.025954,False,False,False
D005,T002,2026-01-02 18:00:05,53.16,-0.011,0,2924.9,-2.06,37.520267,127.02599,False,False,False
D005,T002,2026-01-02 18:00:10,92.2,2.173,0,4761.3,-3.23,37.520198,127.025846,False,False,False
D005,T002,2026-01-02 18:00:15,94.87,-3.506,1,3491.2,-15.1,37.52023,127.025857,False,True,False
D005,T002,2026-01-02 18:00:20,63.48,-2.076,1,2767.7,4.78,37.520189,127.025749,False,False,False
D005,T002,2026-01-02 18:00:25,33.37,-1.768,1,1605.3,-8.63,37.520112,127.025711,False,False,False
D005,T002,2026-01-02 18:00:30,61.75,1.308,0,2863.4,0.44,37.52028,127.02591,False,False,False
D005,T002,2026-01-02 18:00:35,85.52,1.024,0,3987.9,-5.66,37.520366,127.025994,False,False,False
D005,T002,2026-01-02 18:00:40,74.18,-0.312,0,3415.2,-2.72,37.520393,127.025982,False,False,False
D005,T002,2026-01-02 18:00:45,79.23,0.286,0,3582.5,8.07,37.520362,127.02627,False,False,False
D005,T002,2026-01-02 18:00:50,66.03,-0.883,0,2868.1,3.72,37.520337,127.026188,False,False,False
D005,T002,2026-01-02 18:00:55,95.64,1.49,0,4255.9,7.91,37.52046,127.026293,False,False,False
D005,T002,2026-01-02 18:01:00,82.95,-0.857,0,3301.3,2.31,37.520485,127.026155,False,False,False
D005,T002,2026-01-02 18:01:05,87.68,0.13,0,4190.7,2.77,37.520238,127.026133,False,False,False
D005,T002,2026-01-02 18:01:10,79.51,-0.803,0,3714.0,-12.47,37.520432,127.026011,False,False,False
D005,T002,2026-01-02 18:01:15,86.46,0.312,0,3857.9,-2.22,37.520447,127.026035,False,False,False
D005,T002,2026-01-02 18:01:20,85.11,-0.175,0,3755.9,-1.57,37.520474,127.02604,False,False,False
D005,T002,2026-01-02 18:01:25,58.42,-1.684,1,2289.1,8.57,37.520561,127.026012,False,False,False
D005,T002,2026-01-02 18:01:30,83.1,1.406,0,4100.4,-3.54,37.520598,127.02611,False,False,False
D005,T002,2026-01-02 18:01:35,90.85,0.494,0,4364.6,1.85,37.520658,127.026059,False,False,False
D005,T002,2026-01-02 18:01:40,97.48,0.211,0,3935.3,1.58,37.520624,127.026089,False,False,False
D005,T002,2026-01-02 18:01:45,82.97,-0.84,0,3569.7,8.1,37.520526,127.026162,False,False,False
D005,T002,2026-01-02 18:01:50,56.22,-0.876,0,2665.7,-0.94,37.520548,127.026029,False,False,False
D005,T002,2026-01-02 18:01:55,58.79,0.731,0,3104.6,5.79,37.520663,127.025962,False,False,False
D005,T002,2026-01-02 18:02:00,65.46,0.075,0,3388.0,-11.93,37.520611,127.025966,False,False,False
D005,T002,2026-01-02 18:02:05,76.87,0.375,0,3912.5,-11.3,37.520553,127.026023,False,False,False
D005,T002,2026-01-02 18:02:10,69.83,-4.855,1,2114.2,-15.98,37.52065,127.026151,False,True,False
D005,T002,2026-01-02 18:02:15,50.17,-0.791,0,2502.7,5.5,37.520614,127.026132,False,False,False
D005,T002,2026-01-02 18:02:20,49.48,-0.149,0,2514.8,4.72,37.520581,127.026103,False,False,False
D005,T002,2026-01-02 18:02:25,30.4,-0.986,0,1552.8,6.28,37.520551,127.026025,False,False,False
D005,T002,2026-01-02 18:02:30,10.39,-0.549,0,1131.1,-4.74,37.520546,127.026054,False,False,False
D005,T002,2026-01-02 18:02:35,66.99,3.121,0,3935.1,-3.94,37.52042,127.026028,True,False,False
D005,T002,2026-01-02 18:02:40,113.39,2.757,0,5350.8,-0.85,37.520377,127.026003,True,False,True
D005,T002,2026-01-02 18:02:45,102.9,-0.434,0,4094.3,10.11,37.520395,127.025994,False,False,True
D005,T002,2026-01-02 18:02:50,49.33,-3.12,1,1757.5,11.86,37.520413,127.026044,False,True,False
D005,T002,2026-01-02 18:02:55,70.51,1.464,0,3487.4,5.56,37.520506,127.025993,False,False,False
D005,T002,2026-01-02 18:03:00,39.22,-1.964,1,1599.8,2.32,37.520653,127.025924,False,False,False
D005,T002,2026-01-02 18:03:05,41.84,0.517,0,2442.7,9.35,37.520774,127.025963,False,False,False
D005,T002,2026-01-02 18:03:10,43.72,-0.059,0,2398.7,-1.79,37.520847,127.02569,False,False,False
D005,T002,2026-01-02 18:03:15,62.06,0.879,0,3329.7,-2.74,37.520835,127.025636,False,False,False
D005,T002,2026-01-02 18:03:20,62.67,-0.269,0,2767.1,-0.9,37.520785,127.025532,False,False,False
D005,T002,2026-01-02 18:03:25,70.34,-4.006,1,2256.2,-6.85,37.520787,127.025641,False,True,False
D005,T002,2026-01-02 18:03:30,78.12,0.311,0,3854.2,-1.23,37.520834,127.025601,False,False,False
D005,T002,2026-01-02 18:03:35,58.91,-1.736,1,2441.5,-7.82,37.520899,127.025551,False,False,False
D005,T002,2026-01-02 18:03:40,66.11,0.332,0,3176.2,7.18,37.520949,127.025546,False,False,False
D005,T002,2026-01-02 18:03:45,44.61,-1.328,1,2043.0,3.81,37.520939,127.025493,False,False,False
D005,T002,2026-01-02 18:03:50,40.03,-0.033,0,2407.6,10.01,37.521002,127.025456,False,False,False
D005,T002,2026-01-02 18:03:55,37.33,-0.031,0,2323.4,-11.4,37.521103,127.025465,False,False,False
D005,T002,2026-01-02 18:04:00,78.7,2.086,0,4185.0,13.31,37.521174,127.025427,False,False,False
D005,T002,2026-01-02 18:04:05,60.15,-1.151,1,2646.7,-11.01,37.521171,127.025389,False,False,False
D005,T002,2026-01-02 18:04:10,31.21,-1.662,1,1388.5,-8.39,37.521104,127.025298,False,False,False
D005,T002,2026-01-02 18:04:15,66.28,2.349,0,3966.8,-4.35,37.521036,127.025194,False,False,False
D005,T002,2026-01-02 18:04:20,44.05,-1.456,1,2181.5,9.15,37.520981,127.025199,False,False,False
D005,T002,2026-01-02 18:04:25,100.17,2.897,0,4811.0,1.58,37.521002,127.025227,True,False,True
D005,T002,2026-01-02 18:04:30,57.83,-2.651,1,2489.5,-1.71,37.521043,127.025098,False,False,False
D005,T002,2026-01-02 18:04:35,82.43,0.945,0,3764.3,-5.55,37.52093,127.025167,False,False,False
D005,T002,2026-01-02 18:04:40,91.16,3.647,0,5005.8,-9.63,37.52089,127.025235,True,False,False
D005,T002,2026-01-02 18:04:45,52.64,-2.07,1,2450.4,7.93,37.520909,127.025323,False,False,False
D005,T002,2026-01-02 18:04:50,72.95,1.478,0,3489.8,5.59,37.520837,127.02535,False,False,False
D005,T002,2026-01-02 18:04:55,82.67,0.826,0,3947.0,9.47,37.520872,127.025407,False,False,False
D005,T002,2026-01-02 18:05:00,74.9,0.238,0,3589.8,2.78,37.520848,127.025604,False,False,False
D005,T002,2026-01-02 18:05:05,80.1,0.266,0,4102.7,-18.49,37.52079,127.025577,False,False,False
D005,T002,2026-01-02 18:05:10,48.23,-1.831,1,1953.3,-8.71,37.520794,127.025483,False,False,False
D005,T002,2026-01-02 18:05:15,84.66,1.649,0,4348.9,3.25,37.520825,127.025345,False,False,False
D005,T002,2026-01-02 18:05:20,65.18,-0.881,0,2875.6,-2.59,37.520757,127.025503,False,False,False
D005,T002,2026-01-02 18:05:25,81.53,0.935,0,3604.1,-3.91,37.520738,127.025662,False,False,False
D005,T002,2026-01-02 18:05:30,92.76,0.801,0,4158.7,-7.72,37.520775,127.025579,False,False,False
D005,T002,2026-01-02 18:05:35,88.17,-0.57,0,3722.9,6.63,37.520715,127.025513,False,False,False
D005,T002,2026-01-02 18:05:40,82.26,-0.229,0,3405.8,3.19,37.520582,127.025484,False,False,False
D005,T002,2026-01-02 18:05:45,88.01,0.375,0,3980.9,3.51,37.520459,127.025594,False,False,False
D005,T002,2026-01-02 18:05:50,88.97,0.092,0,4067.7,-4.44,37.520426,127.025479,False,False,False
D005,T002,2026-01-02 18:05:55,104.4,0.661,0,4587.9,1.23,37.52032,127.025302,False,False,True
D005,T002,2026-01-02 18:06:00,75.13,-1.284,1,3024.4,-9.36,37.520292,127.025497,False,False,False
D005,T002,2026-01-02 18:06:05,78.88,0.777,0,3676.0,-0.91,37.520425,127.025525,False,False,False
D005,T002,2026-01-02 18:06:10,93.36,0.49,0,4131.3,-17.7,37.520315,127.025566,False,False,False
D005,T002,2026-01-02 18:06:15,65.95,-1.312,1,2842.6,-10.98,37.520293,127.025547,False,False,False
D005,T002,2026-01-02 18:06:20,49.4,-1.713,1,2352.6,-2.26,37.520463,127.025589,False,False,False
D005,T002,2026-01-02 18:06:25,84.06,2.099,0,4218.8,16.63,37.520496,127.025453,False,False,False
D005,T002,2026-01-02 18:06:30,70.24,-1.283,1,2703.5,-12.61,37.520466,127.025377,False,False,False
D005,T002,2026-01-02 18:06:35,50.64,-1.228,1,2200.6,-8.71,37.520454,127.025387,False,False,False
D005,T002,2026-01-02 18:06:40,82.8,1.41,0,4005.4,1.52,37.520488,127.025182,False,False,False
D005,T002,2026-01-02 18:06:45,100.1,0.895,0,4652.6,12.39,37.520624,127.025155,False,False,True
D005,T002,2026-01-02 18:06:50,41.06,-3.025,1,1814.3,1.42,37.520581,127.025122,False,True,False
D005,T002,2026-01-02 18:06:55,91.19,2.25,0,4764.7,4.91,37.520521,127.025095,False,False,False
D005,T002,2026-01-02 18:07:00,22.54,-3.888,1,784.5,-2.36,37.52041,127.025045,False,True,False
D005,T002,2026-01-02 18:07:05,62.84,2.081,0,3581.6,-3.57,37.520419,127.024956,False,False,False
D005,T002,2026-01-02 18:07:10,105.19,2.777,0,4775.6,0.58,37.520306,127.024792,True,False,True
D005,T002,2026-01-02 18:07:15,63.17,-2.199,1,2591.5,-4.61,37.520269,127.024805,False,False,False
D005,T002,2026-01-02 18:07:20,70.6,0.082,0,3074.9,5.07,37.520196,127.024778,False,False,False
D005,T002,2026-01-02 18:07:25,82.94,0.55,0,3779.7,-11.24,37.520282,127.024654,False,False,False
D005,T003,2026-01-02 20:00:00,88.96,0.428,0,3987.0,3.23,37.520116,127.02912,False,False,False
D005,T003,2026-01-02 20:00:05,73.2,-1.247,1,3061.9,-2.64,37.520167,127.028972,False,False,False
D005,T003,2026-01-02 20:00:10,68.4,-4.363,1,2013.0,11.53,37.520257,127.02903,False,True,False
D005,T003,2026-01-02 20:00:15,41.64,-1.341,1,1849.8,14.12,37.520406,127.02905,False,False,False
D005,T003,2026-01-02 20:00:20,54.81,0.482,0,2707.8,6.12,37.520348,127.029009,False,False,False
D005,T003,2026-01-02 20:00:25,96.99,2.522,0,4449.5,10.79,37.520284,127.029038,True,False,False
D005,T003,2026-01-02 20:00:30,70.51,-1.604,1,2803.8,-10.77,37.520337,127.028883,False,False,False
D005,T003,2026-01-02 20:00:35,80.27,0.732,0,3545.6,-9.95,37.520337,127.029015,False,False,False
D005,T003,2026-01-02 20:00:40,58.44,-1.717,1,2563.2,-2.25,37.520355,127.029061,False,False,False
D005,T003,2026-01-02 20:00:45,75.04,1.01,0,3742.6,0.29,37.520335,127.028983,False,False,False
D005,T003,2026-01-02 20:00:50,49.62,-1.518,1,1970.2,-1.39,37.520287,127.02893,False,False,False
D005,T003,2026-01-02 20:00:55,78.03,1.888,0,3864.9,-11.49,37.520417,127.028777,False,False,False
D005,T003,2026-01-02 20:01:00,83.37,0.282,0,4080.7,8.06,37.520329,127.028749,False,False,False
D005,T003,2026-01-02 20:01:05,82.55,0.303,0,3546.9,15.08,37.520384,127.028705,False,False,False
D005,T003,2026-01-02 20:01:10,59.2,-1.148,1,2686.9,8.97,37.520426,127.028586,False,False,False
D005,T003,2026-01-02 20:01:15,69.91,0.556,0,3368.2,7.6,37.520299,127.028656,False,False,False
D005,T003,2026-01-02 20:01:20,86.67,1.144,0,4245.1,1.58,37.520233,127.028771,False,False,False
D005,T003,2026-01-02 20:01:25,72.23,-0.576,0,3232.4,-5.9,37.52018,127.028768,False,False,False
D005,T003,2026-01-02 20:01:30,70.59,0.041,0,3181.5,0.51,37.520225,127.028741,False,False,False
D005,T003,2026-01-02 20:01:35,112.16,1.656,0,5039.7,14.74,37.520196,127.02878,False,False,True
D005,T003,2026-01-02 20:01:40,57.21,-3.305,1,2082.7,-2.46,37.520189,127.028778,False,True,False
D005,T003,2026-01-02 20:01:45,95.75,2.512,0,4641.6,-3.18,37.520072,127.028681,True,False,False
D005,T003,2026-01-02 20:01:50,52.55,-2.733,1,1798.0,7.75,37.520258,127.028622,False,False,False
D005,T003,2026-01-02 20:01:55,86.74,2.132,0,4492.1,8.22,37.520264,127.028596,False,False,False
D005,T003,2026-01-02 20:02:00,87.3,0.228,0,4060.4,-5.94,37.520304,127.028618,False,False,False
D005,T003,2026-01-02 20:02:05,63.46,-1.518,1,2485.9,-1.83,37.52026,127.028619,False,False,False
D005,T003,2026-01-02 20:02:10,49.34,-1.334,1,2179.8,-3.51,37.520208,127.028638,False,False,False
D005,T003,2026-01-02 20:02:15,34.37,-0.984,0,1761.5,0.49,37.520361,127.0285,False,False,False
D005,T003,2026-01-02 20:02:20,59.81,1.982,0,3111.2,7.73,37.520208,127.02856,False,False,False
D005,T003,2026-01-02 20:02:25,81.05,0.932,0,3474.7,-5.63,37.52023,127.028561,False,False,False
D005,T003,2026-01-02 20:02:30,49.79,-1.946,1,1994.1,7.63,37.520133,127.02879,False,False,False
D005,T003,2026-01-02 20:02:35,71.68,0.931,0,3427.8,0.71,37.520101,127.028755,False,False,False
D005,T003,2026-01-02 20:02:40,41.11,-1.35,1,1691.3,16.28,37.52005,127.028785,False,False,False
D005,T003,2026-01-02 20:02:45,64.36,1.216,0,3337.8,2.23,37.519971,127.029039,False,False,False
D005,T003,2026-01-02 20:02:50,46.41,-1.165,1,2381.0,-0.68,37.519974,127.029057,False,False,False
D005,T003,2026-01-02 20:02:55,66.48,1.5,0,3591.8,4.02,37.519768,127.029051,False,False,False
D005,T003,2026-01-02 20:03:00,58.01,-0.306,0,2732.4,-2.36,37.519743,127.028962,False,False,False
D005,T003,2026-01-02 20:03:05,44.46,-1.004,0,1809.5,-12.57,37.519736,127.029099,False,False,False
D005,T003,2026-01-02 20:03:10,54.29,0.202,0,2869.3,-1.68,37.519627,127.028995,False,False,False
D005,T003,2026-01-02 20:03:15,48.83,0.021,0,2541.2,-1.79,37.519748,127.029033,False,False,False
D005,T003,2026-01-02 20:03:20,41.39,-0.406,0,2244.3,-11.15,37.519701,127.028991,False,False,False
D005,T003,2026-01-02 20:03:25,87.06,2.09,0,4618.3,-0.51,37.519682,127.028974,False,False,False
D005,T003,2026-01-02 20:03:30,59.35,-2.025,1,2273.7,-14.47,37.519634,127.028846,False,False,False
D005,T003,2026-01-02 20:03:35,24.08,-2.257,1,700.0,-2.43,37.519628,127.028966,False,False,False
D005,T003,2026-01-02 20:03:40,54.31,1.323,0,2798.0,1.71,37.519732,127.028941,False,False,False
D005,T003,2026-01-02 20:03:45,83.78,1.058,0,4018.8,0.68,37.51993,127.028832,False,False,False
D005,T003,2026-01-02 20:03:50,51.88,-2.067,1,2164.0,-2.88,37.51999,127.028945,False,False,False
D005,T003,2026-01-02 20:03:55,95.3,2.141,0,4342.4,-0.6,37.520077,127.028899,False,False,False
D005,T003,2026-01-02 20:04:00,50.55,-2.598,1,1741.6,-5.49,37.520214,127.02893,False,False,False
D005,T003,2026-01-02 20:04:05,76.97,1.929,0,3827.6,0.08,37.520234,127.029005,False,False,False
D005,T003,2026-01-02 20:04:10,87.56,0.51,0,3714.9,0.41,37.52036,127.029048,False,False,False
D005,T003,2026-01-02 20:04:15,76.77,-0.642,0,3412.8,-6.3,37.520423,127.02885,False,False,False
D005,T003,2026-01-02 20:04:20,42.36,-1.757,1,1829.7,1.87,37.520435,127.028913,False,False,False
D005,T003,2026-01-02 20:04:25,51.12,0.417,0,2567.1,1.83,37.520463,127.028904,False,False,False
D005,T003,2026-01-02 20:04:30,92.07,2.371,0,4365.5,-1.16,37.520317,127.028874,False,False,False
D005,T003,2026-01-02 20:04:35,54.85,-1.976,1,2327.7,16.95,37.52034,127.028864,False,False,False
D005,T003,2026-01-02 20:04:40,88.96,-2.256,1,3386.0,-0.98,37.520217,127.028719,False,False,False
D005,T003,2026-01-02 20:04:45,62.72,-0.679,0,2869.6,-1.95,37.520087,127.028737,False,False,False
D005,T003,2026-01-02 20:04:50,74.24,0.889,0,3602.3,-2.96,37.520102,127.028614,False,False,False
D005,T003,2026-01-02 20:04:55,45.54,-1.885,1,1970.5,-6.8,37.520013,127.028588,False,False,False
D005,T003,2026-01-02 20:05:00,60.95,0.954,0,2946.4,4.8,37.520013,127.028602,False,False,False
D005,T003,2026-01-02 20:05:05,56.33,-0.476,0,2529.0,-4.8,37.520024,127.028699,False,False,False
D005,T003,2026-01-02 20:05:10,77.87,1.313,0,3715.6,-3.98,37.520038,127.028625,False,False,False
D005,T003,2026-01-02 20:05:15,75.74,-0.5,0,3686.7,-3.77,37.519966,127.028756,False,False,False
D005,T003,2026-01-02 20:05:20,83.17,0.102,0,3457.3,-6.89,37.520038,127.028841,False,False,False
D005,T003,2026-01-02 20:05:25,65.3,-0.89,0,2799.0,-12.26,37.520031,127.028802,False,False,False
D005,T003,2026-01-02 20:05:30,57.23,-0.168,0,2776.5,-3.24,37.520066,127.028703,False,False,False
D005,T003,2026-01-02 20:05:35,78.78,1.329,0,3766.5,6.11,37.51997,127.028573,False,False,False
D005,T003,2026-01-02 20:05:40,55.82,-1.03,0,2714.6,1.38,37.519956,127.028597,False,False,False
D005,T003,2026-01-02 20:05:45,96.29,2.337,0,4582.4,10.92,37.520044,127.028531,False,False,False
D005,T003,2026-01-02 20:05:50,73.55,-1.207,1,3042.9,5.26,37.520121,127.028639,False,False,False
D005,T003,2026-01-02 20:05:55,69.49,-0.364,0,3279.4,3.67,37.520058,127.028578,False,False,False
D005,T003,2026-01-02 20:06:00,84.55,1.057,0,4283.1,13.18,37.520014,127.028497,False,False,False
D005,T003,2026-01-02 20:06:05,74.17,-0.288,0,3561.9,-0.68,37.519935,127.028518,False,False,False
D005,T003,2026-01-02 20:06:10,43.75,-1.697,1,1939.5,0.44,37.519882,127.028456,False,False,False
D005,T003,2026-01-02 20:06:15,54.92,0.584,0,2837.0,-0.08,37.519771,127.028457,False,False,False
D005,T003,2026-01-02 20:06:20,95.22,2.667,0,4682.7,10.81,37.519759,127.028545,True,False,False
D005,T003,2026-01-02 20:06:25,76.26,-1.052,0,3237.8,0.02,37.51981,127.028556,False,False,False
D005,T003,2026-01-02 20:06:30,42.11,-1.864,1,1719.3,-4.54,37.519747,127.028567,False,False,False
D005,T003,2026-01-02 20:06:35,80.6,2.259,0,4255.9,4.11,37.51974,127.028585,False,False,False
D005,T003,2026-01-02 20:06:40,62.7,-1.015,0,2795.7,-5.71,37.519722,127.028433,False,False,False
D005,T003,2026-01-02 20:06:45,56.15,-0.59,0,2621.2,3.73,37.519807,127.028468,False,False,False
D005,T003,2026-01-02 20:06:50,50.47,-0.208,0,2291.2,2.9,37.519758,127.028482,False,False,False
D005,T003,2026-01-02 20:06:55,90.95,2.223,0,4442.6,-1.33,37.519712,127.028563,False,False,False
D005,T003,2026-01-02 20:07:00,33.74,-2.645,1,1074.5,3.96,37.519644,127.028617,False,False,False
D005,T003,2026-01-02 20:07:05,54.78,1.381,0,2911.6,-10.41,37.519553,127.028599,False,False,False
D005,T003,2026-01-02 20:07:10,72.52,0.813,0,3393.3,1.14,37.519596,127.028692,False,False,False
D005,T003,2026-01-02 20:07:15,99.89,1.713,0,4674.7,-3.24,37.519585,127.028666,False,False,False
D005,T003,2026-01-02 20:07:20,79.77,-1.025,0,3675.0,20.04,37.519589,127.028688,False,False,False
D005,T003,2026-01-02 20:07:25,52.52,-1.139,1,2488.1,1.09,37.519691,127.02866,False,False,False
D005,T004,2026-01-02 22:00:00,60.63,-0.357,0,3011.3,0.4,37.520114,127.031937,False,False,False
D005,T004,2026-01-02 22:00:05,46.23,-0.764,0,2450.3,7.63,37.520115,127.031844,False,False,False
D005,T004,2026-01-02 22:00:10,98.2,3.594,0,4812.5,4.06,37.520167,127.031838,True,False,False
D005,T004,2026-01-02 22:00:15,67.13,-1.257,1,2762.7,-0.42,37.520212,127.031737,False,False,False
D005,T004,2026-01-02 22:00:20,59.11,-1.27,1,2491.6,-4.4,37.520146,127.031582,False,False,False
D005,T004,2026-01-02 22:00:25,81.17,1.235,0,4027.2,-3.4,37.520175,127.031551,False,False,False
D005,T004,2026-01-02 22:00:30,87.65,0.617,0,3992.1,-10.29,37.520329,127.031681,False,False,False
D005,T004,2026-01-02 22:00:35,87.76,-0.045,0,3840.9,-1.87,37.520349,127.031678,False,False,False
D005,T004,2026-01-02 22:00:40,75.87,-4.956,1,2435.8,1.02,37.520422,127.031694,False,True,False
D005,T004,2026-01-02 22:00:45,78.86,0.091,0,3443.7,12.01,37.520477,127.031502,False,False,False
D005,T004,2026-01-02 22:00:50,80.55,0.247,0,3888.3,3.7,37.520502,127.031541,False,False,False
D005,T004,2026-01-02 22:00:55,82.72,-0.199,0,3618.4,-6.05,37.520516,127.03155,False,False,False
D005,T004,2026-01-02 22:01:00,84.62,0.435,0,3668.6,-10.08,37.52056,127.03149,False,False,False
D005,T004,2026-01-02 22:01:05,97.52,0.697,0,4277.7,-1.45,37.520621,127.031506,False,False,False
D005,T004,2026-01-02 22:01:10,77.68,-1.355,1,3414.6,5.68,37.520513,127.031521,False,False,False
D005,T004,2026-01-02 22:01:15,60.99,-0.608,0,2713.3,-1.54,37.520533,127.031426,False,False,False
D005,T004,2026-01-02 22:01:20,73.72,0.273,0,3587.3,3.79,37.520518,127.031456,False,False,False
D005,T004,2026-01-02 22:01:25,90.73,0.785,0,3994.9,-1.27,37.520487,127.031564,False,False,False
D005,T004,2026-01-02 22:01:30,41.92,-2.853,1,1509.8,5.02,37.520591,127.031543,False,False,False
D005,T004,2026-01-02 22:01:35,41.84,0.592,0,2521.6,-11.18,37.520532,127.031465,False,False,False
D005,T004,2026-01-02 22:01:40,93.13,2.64,0,4439.8,11.23,37.52042,127.031449,True,False,False
D005,T004,2026-01-02 22:01:45,104.2,0.012,0,4543.6,-7.79,37.520484,127.031526,False,False,True
D005,T004,2026-01-02 22:01:50,50.5,-3.125,1,1942.8,5.56,37.52037,127.031416,False,True,False
D005,T004,2026-01-02 22:01:55,76.19,1.544,0,3623.0,-1.91,37.520216,127.031468,False,False,False
D005,T004,2026-01-02 22:02:00,66.17,-0.335,0,3013.3,-0.81,37.520289,127.031407,False,False,False
D005,T004,2026-01-02 22:02:05,68.39,0.756,0,3242.7,-1.69,37.520301,127.031428,False,False,False
D005,T004,2026-01-02 22:02:10,78.74,0.962,0,3801.6,1.79,37.520339,127.031378,False,False,False
D005,T004,2026-01-02 22:02:15,47.62,-1.665,1,2442.7,3.2,37.520304,127.031327,False,False,False
D005,T004,2026-01-02 22:02:20,50.59,-0.084,0,2484.7,7.41,37.520193,127.031464,False,False,False
D005,T004,2026-01-02 22:02:25,65.5,1.275,0,3453.5,9.86,37.520098,127.031337,False,False,False
D005,T004,2026-01-02 22:02:30,67.91,0.031,0,3170.3,2.32,37.520077,127.031381,False,False,False
D005,T004,2026-01-02 22:02:35,48.59,-1.249,1,2231.7,12.0,37.519975,127.031536,False,False,False
D005,T004,2026-01-02 22:02:40,84.7,1.876,0,4112.7,0.65,37.519999,127.031598,False,False,False
D005,T004,2026-01-02 22:02:45,61.07,-1.652,1,2408.4,7.54,37.519962,127.031478,False,False,False
D005,T004,2026-01-02 22:02:50,60.5,-0.16,0,2932.1,3.0,37.519977,127.031363,False,False,False
D005,T004,2026-01-02 22:02:55,73.54,0.655,0,3442.3,-3.84,37.519989,127.031295,False,False,False
D005,T004,2026-01-02 22:03:00,65.3,-0.251,0,2852.1,1.27,37.52002,127.031309,False,False,False
D005,T004,2026-01-02 22:03:05,83.43,0.893,0,4065.6,3.52,37.52006,127.03133,False,False,False
D005,T004,2026-01-02 22:03:10,49.23,-2.24,1,2048.7,-0.23,37.520033,127.031215,False,False,False
D005,T004,2026-01-02 22:03:15,40.06,-0.952,0,1961.7,2.89,37.520048,127.031137,False,False,False
D005,T004,2026-01-02 22:03:20,60.7,1.197,0,3418.2,6.06,37.520066,127.031064,False,False,False
D005,T004,2026-01-02 22:03:25,67.66,0.404,0,2908.8,-0.16,37.519872,127.031048,False,False,False
D005,T004,2026-01-02 22:03:30,42.7,-1.532,1,2193.9,-20.61,37.519924,127.031226,False,False,False
D005,T004,2026-01-02 22:03:35,39.88,-0.286,0,1984.5,11.75,37.519936,127.031142,False,False,False
D005,T004,2026-01-02 22:03:40,69.99,1.77,0,3657.0,-2.08,37.519981,127.031054,False,False,False
D005,T004,2026-01-02 22:03:45,52.18,-0.596,0,2387.2,-5.76,37.519878,127.030952,False,False,False
D005,T004,2026-01-02 22:03:50,39.06,-0.941,0,1804.7,-7.87,37.519853,127.031009,False,False,False
D005,T004,2026-01-02 22:03:55,85.55,2.591,0,4565.1,-2.36,37.519765,127.031006,True,False,False
D005,T004,2026-01-02 22:04:00,55.33,-1.401,1,2757.2,-3.94,37.519825,127.030925,False,False,False
D005,T004,2026-01-02 22:04:05,89.73,1.683,0,4231.3,-5.16,37.519713,127.030892,False,False,False
D005,T004,2026-01-02 22:04:10,68.68,-1.166,1,2989.0,-4.77,37.519638,127.030821,False,False,False
D005,T004,2026-01-02 22:04:15,74.21,0.295,0,3448.2,3.71,37.519681,127.030848,False,False,False
D005,T004,2026-01-02 22:04:20,64.96,-0.875,0,3177.4,14.21,37.519631,127.031089,False,False,False
D005,T004,2026-01-02 22:04:25,18.73,-2.504,1,700.0,5.74,37.519556,127.031139,False,False,False
D005,T004,2026-01-02 22:04:30,48.3,1.641,0,2920.9,7.86,37.519629,127.031131,False,False,False
D005,T004,2026-01-02 22:04:35,68.2,1.253,0,3313.5,-2.64,37.519705,127.031071,False,False,False
D005,T004,2026-01-02 22:04:40,78.09,0.216,0,3128.6,0.73,37.519763,127.03095,False,False,False
D005,T004,2026-01-02 22:04:45,37.45,-2.24,1,1565.4,2.99,37.51983,127.031016,False,False,False
D005,T004,2026-01-02 22:04:50,71.25,2.25,0,4100.3,-4.62,37.519812,127.031077,False,False,False
D005,T004,2026-01-02 22:04:55,51.43,-0.516,0,2367.0,-2.98,37.519796,127.031035,False,False,False
D005,T004,2026-01-02 22:05:00,77.96,1.82,0,4043.2,5.98,37.519744,127.031144,False,False,False
D005,T004,2026-01-02 22:05:05,73.06,-4.77,1,2500.4,7.63,37.519757,127.031146,False,True,False
D005,T004,2026-01-02 22:05:10,88.14,0.958,0,4055.3,0.47,37.519715,127.031216,False,False,False
D005,T004,2026-01-02 22:05:15,94.75,0.23,0,4143.9,-8.37,37.51968,127.031243,False,False,False
D005,T004,2026-01-02 22:05:20,83.54,-0.54,0,3262.5,-2.07,37.519728,127.031227,False,False,False
D005,T004,2026-01-02 22:05:25,91.54,0.227,0,3883.5,-10.09,37.519823,127.031141,False,False,False
D005,T004,2026-01-02 22:05:30,68.63,-1.741,1,2963.7,0.53,37.519855,127.031128,False,False,False
D005,T004,2026-01-02 22:05:35,129.57,3.267,0,5985.0,1.79,37.519998,127.031203,True,False,True
D005,T004,2026-01-02 22:05:40,52.48,-4.053,1,1808.6,-1.89,37.519942,127.031158,False,True,False
D005,T004,2026-01-02 22:05:45,65.84,0.818,0,3292.4,1.69,37.519795,127.031197,False,False,False
D005,T004,2026-01-02 22:05:50,93.26,1.625,0,4773.0,2.92,37.519852,127.0311,False,False,False
D005,T004,2026-01-02 22:05:55,90.44,-0.096,0,3826.3,1.8,37.51979,127.03117,False,False,False
D005,T004,2026-01-02 22:06:00,85.32,-0.17,0,4002.7,-8.41,37.519769,127.031198,False,False,False
D005,T004,2026-01-02 22:06:05,88.82,0.34,0,3969.0,-1.77,37.519627,127.03109,False,False,False
D005,T004,2026-01-02 22:06:10,35.88,-2.999,1,1715.0,2.87,37.519555,127.03107,False,False,False
D005,T004,2026-01-02 22:06:15,105.9,3.887,0,5085.3,11.05,37.519435,127.031154,True,False,True
D005,T004,2026-01-02 22:06:20,71.37,-1.42,1,2997.5,-1.9,37.5194,127.03104,False,False,False
D005,T004,2026-01-02 22:06:25,98.77,1.552,0,4478.7,3.86,37.519368,127.030944,False,False,False
D005,T004,2026-01-02 22:06:30,35.66,-3.471,1,1324.1,6.15,37.519376,127.030938,False,True,False
D005,T004,2026-01-02 22:06:35,79.04,2.423,0,4290.5,-1.38,37.519475,127.03113,False,False,False
D005,T004,2026-01-02 22:06:40,62.89,-0.952,0,2846.8,8.04,37.519529,127.031069,False,False,False
D005,T004,2026-01-02 22:06:45,84.47,4.149,0,4854.5,8.42,37.519399,127.031114,True,False,False
D005,T004,2026-01-02 22:06:50,79.08,-0.24,0,3365.3,9.66,37.519448,127.031137,False,False,False
D005,T004,2026-01-02 22:06:55,79.46,-0.12,0,3377.1,3.21,37.519457,127.031084,False,False,False
D005,T004,2026-01-02 22:07:00,51.64,-1.575,1,2262.2,16.52,37.519449,127.031099,False,False,False
D005,T004,2026-01-02 22:07:05,70.22,0.805,0,3407.8,-4.31,37.519447,127.031058,False,False,False
D005,T004,2026-01-02 22:07:10,67.31,-0.131,0,3076.4,14.87,37.519464,127.031026,False,False,False
D005,T004,2026-01-02 22:07:15,79.7,0.846,0,3573.5,5.38,37.519408,127.030877,False,False,False
D005,T004,2026-01-02 22:07:20,88.61,0.433,0,4173.6,9.38,37.519394,127.030874,False,False,False
D005,T004,2026-01-02 22:07:25,71.98,-1.476,1,2907.4,-2.24,37.519488,127.030955,False,False,False
D006,T001,2026-01-03 00:00:00,57.05,-0.105,0,2577.4,4.31,37.524966,127.023116,False,False,False
D006,T001,2026-01-03 00:00:05,61.14,0.341,0,2621.0,4.88,37.524905,127.023045,False,False,False
D006,T001,2026-01-03 00:00:10,46.51,-0.8,0,1976.5,0.6,37.524948,127.022984,False,False,False
D006,T001,2026-01-03 00:00:15,52.67,0.701,0,3152.4,7.66,37.524884,127.022909,False,False,False
D006,T001,2026-01-03 00:00:20,41.19,-1.074,0,1895.9,-2.62,37.524796,127.022838,False,False,False
D006,T001,2026-01-03 00:00:25,53.56,0.887,0,3208.9,-10.11,37.524887,127.022973,False,False,False
D006,T001,2026-01-03 00:00:30,50.16,-0.243,0,2574.6,3.34,37.524872,127.022951,False,False,False
D006,T001,2026-01-03 00:00:35,54.22,0.482,0,2790.6,0.88,37.524861,127.022941,False,False,False
D006,T001,2026-01-03 00:00:40,73.55,0.838,0,3265.0,3.48,37.524916,127.023011,False,False,False
D006,T001,2026-01-03 00:00:45,66.59,-0.377,0,3032.0,-8.85,37.524863,127.022861,False,False,False
D006,T001,2026-01-03 00:00:50,47.79,-1.066,0,2581.1,12.54,37.524825,127.022866,False,False,False
D006,T001,2026-01-03 00:00:55,60.03,0.397,0,3258.7,4.97,37.52485,127.022767,False,False,False
D006,T001,2026-01-03 00:01:00,61.62,-0.269,0,2935.3,-2.02,37.524726,127.02274,False,False,False
D006,T001,2026-01-03 00:01:05,54.83,-0.536,0,2389.7,-6.55,37.524744,127.022688,False,False,False
D006,T001,2026-01-03 00:01:10,58.0,0.211,0,2695.9,7.54,37.524684,127.02263,False,False,False
D006,T001,2026-01-03 00:01:15,58.54,-0.181,0,2647.1,-7.71,37.524752,127.02265,False,False,False
D006,T001,2026-01-03 00:01:20,48.64,-0.638,0,2593.5,15.83,37.524796,127.02267,False,False,False
D006,T001,2026-01-03 00:01:25,50.34,-0.431,0,2760.4,-4.29,37.524829,127.022651,False,False,False
D006,T001,2026-01-03 00:01:30,57.39,0.286,0,2899.5,12.04,37.5247,127.022684,False,False,False
D006,T001,2026-01-03 00:01:35,56.72,0.248,0,2778.6,-1.29,37.524692,127.022606,False,False,False
D006,T001,2026-01-03 00:01:40,51.55,-0.089,0,2862.0,11.07,37.524598,127.022667,False,False,False
D006,T001,2026-01-03 00:01:45,50.67,-0.073,0,2380.6,-5.14,37.524595,127.022649,False,False,False
D006,T001,2026-01-03 00:01:50,54.53,0.281,0,2774.9,0.13,37.52441,127.022605,False,False,False
D006,T001,2026-01-03 00:01:55,59.95,0.069,0,2986.6,5.63,37.524286,127.022533,False,False,False
D006,T001,2026-01-03 00:02:00,53.7,0.107,0,2544.2,4.63,37.524382,127.022512,False,False,False
D006,T001,2026-01-03 00:02:05,63.53,1.117,0,3141.2,7.71,37.524411,127.02268,False,False,False
D006,T001,2026-01-03 00:02:10,48.99,-0.756,0,2221.0,-3.41,37.524383,127.022674,False,False,False
D006,T001,2026-01-03 00:02:15,53.9,0.991,0,3155.8,0.59,37.52431,127.022571,False,False,False
D006,T001,2026-01-03 00:02:20,50.02,-0.404,0,2806.3,8.74,37.524223,127.022654,False,False,False
D006,T001,2026-01-03 00:02:25,55.11,-0.067,0,2729.5,-4.94,37.524239,127.022612,False,False,False
D006,T001,2026-01-03 00:02:30,46.26,-0.686,0,2223.6,4.01,37.524212,127.022637,False,False,False
D006,T001,2026-01-03 00:02:35,62.07,0.812,0,3031.0,-1.53,37.524336,127.022583,False,False,False
D006,T001,2026-01-03 00:02:40,39.77,-0.588,0,2073.3,1.44,37.524321,127.022698,False,False,False
D006,T001,2026-01-03 00:02:45,59.84,1.029,0,3011.8,0.59,37.524326,127.022645,False,False,False
D006,T001,2026-01-03 00:02:50,49.52,-0.808,0,2338.5,-5.52,37.524214,127.022771,False,False,False
D006,T001,2026-01-03 00:02:55,51.85,-0.121,0,2660.8,-1.82,37.524186,127.022676,False,False,False
D006,T001,2026-01-03 00:03:00,56.23,0.558,0,2811.7,1.01,37.5242,127.02265,False,False,False
D006,T001,2026-01-03 00:03:05,53.04,0.101,0,2641.6,-0.72,37.52417,127.022776,False,False,False
D006,T001,2026-01-03 00:03:10,43.14,-0.681,0,2133.7,11.01,37.524131,127.022791,False,False,False
D006,T001,2026-01-03 00:03:15,50.88,-0.095,0,2501.9,7.07,37.524157,127.022995,False,False,False
D006,T001,2026-01-03 00:03:20,58.32,0.097,0,2774.7,2.03,37.524278,127.022971,False,False,False
D006,T001,2026-01-03 00:03:25,41.62,-0.443,0,2304.9,-5.34,37.52429,127.022994,False,False,False
D006,T001,2026-01-03 00:03:30,59.74,1.192,0,2824.6,-5.77,37.524382,127.023166,False,False,False
D006,T001,2026-01-03 00:03:35,49.28,-0.559,0,2686.0,13.82,37.524431,127.023029,False,False,False
D006,T001,2026-01-03 00:03:40,44.47,0.254,0,2442.2,-7.07,37.524518,127.022882,False,False,False
D006,T001,2026-01-03 00:03:45,41.88,0.402,0,2472.3,0.8,37.524469,127.02281,False,False,False
D006,T001,2026-01-03 00:03:50,46.12,0.224,0,2597.7,2.53,37.524453,127.022884,False,False,False
D006,T001,2026-01-03 00:03:55,35.9,-0.569,0,1818.0,-2.18,37.524436,127.022739,False,False,False
D006,T001,2026-01-03 00:04:00,45.48,0.367,0,2312.5,-7.02,37.52448,127.022793,False,False,False
D006,T001,2026-01-03 00:04:05,46.74,-0.01,0,2251.3,-5.49,37.524544,127.02284,False,False,False
D006,T001,2026-01-03 00:04:10,42.19,-0.665,0,2093.6,-3.83,37.524554,127.023021,False,False,False
D006,T001,2026-01-03 00:04:15,53.58,0.214,0,2844.7,-4.97,37.524624,127.023115,False,False,False
D006,T001,2026-01-03 00:04:20,48.16,-0.778,0,2211.0,9.29,37.524579,127.023148,False,False,False
D006,T001,2026-01-03 00:04:25,46.18,0.192,0,2571.8,-0.06,37.524649,127.02327,False,False,False
D006,T001,2026-01-03 00:04:30,48.53,-0.305,0,2006.7,-3.67,37.524731,127.023319,False,False,False
D006,T001,2026-01-03 00:04:35,53.25,0.803,0,2767.7,0.75,37.524785,127.023277,False,False,False
D006,T001,2026-01-03 00:04:40,52.08,-0.268,0,2771.8,4.68,37.524796,127.023174,False,False,False
D006,T001,2026-01-03 00:04:45,48.02,0.259,0,2508.9,-2.41,37.524853,127.023123,False,False,False
D006,T001,2026-01-03 00:04:50,53.55,0.204,0,2566.5,6.31,37.524781,127.02312,False,False,False
D006,T001,2026-01-03 00:04:55,52.98,-0.467,0,2430.4,-8.9,37.524797,127.023135,False,False,False
D006,T001,2026-01-03 00:05:00,46.98,0.026,0,1907.9,8.2,37.524821,127.022943,False,False,False
D006,T001,2026-01-03 00:05:05,52.67,0.704,0,2613.6,-0.06,37.524715,127.022923,False,False,False
D006,T001,2026-01-03 00:05:10,58.36,0.062,0,3038.1,-0.34,37.524753,127.022926,False,False,False
D006,T001,2026-01-03 00:05:15,58.75,-0.071,0,2726.9,-4.85,37.524653,127.022975,False,False,False
D006,T001,2026-01-03 00:05:20,53.77,-4.699,1,1560.7,-8.59,37.524619,127.023122,False,True,False
D006,T001,2026-01-03 00:05:25,59.59,0.288,0,2519.9,-11.67,37.524622,127.023138,False,False,False
D006,T001,2026-01-03 00:05:30,49.9,-0.505,0,2141.8,-5.34,37.524563,127.023057,False,False,False
D006,T001,2026-01-03 00:05:35,50.32,-0.074,0,2758.8,4.11,37.52457,127.022893,False,False,False
D006,T001,2026-01-03 00:05:40,54.67,-0.266,0,2761.3,-6.73,37.524575,127.022955,False,False,False
D006,T001,2026-01-03 00:05:45,65.35,0.428,0,2932.3,-10.84,37.52451,127.022877,False,False,False
D006,T001,2026-01-03 00:05:50,57.38,-0.244,0,2634.0,-6.36,37.524555,127.022955,False,False,False
D006,T001,2026-01-03 00:05:55,54.74,-0.204,0,2661.0,-2.69,37.524494,127.02308,False,False,False
D006,T001,2026-01-03 00:06:00,65.67,0.512,0,2980.1,-2.42,37.524677,127.022941,False,False,False
D006,T001,2026-01-03 00:06:05,54.47,-0.877,0,2148.1,-0.9,37.524668,127.022991,False,False,False
D006,T001,2026-01-03 00:06:10,69.5,0.66,0,3329.7,7.23,37.524575,127.023108,False,False,False
D006,T001,2026-01-03 00:06:15,52.74,-0.534,0,2628.7,8.74,37.524496,127.023199,False,False,False
D006,T001,2026-01-03 00:06:20,49.39,-0.502,0,2525.4,14.04,37.524588,127.023011,False,False,False
D006,T001,2026-01-03 00:06:25,54.18,0.465,0,2952.1,-11.37,37.524555,127.022934,False,False,False
D006,T001,2026-01-03 00:06:30,53.3,-0.036,0,2374.8,-5.99,37.524446,127.022819,False,False,False
D006,T001,2026-01-03 00:06:35,49.51,-0.141,0,2512.6,4.89,37.524514,127.022866,False,False,False
D006,T001,2026-01-03 00:06:40,69.61,0.906,0,3367.9,-3.18,37.524481,127.022903,False,False,False
D006,T001,2026-01-03 00:06:45,55.32,-0.887,0,2519.9,6.03,37.524533,127.02266,False,False,False
D006,T001,2026-01-03 00:06:50,55.67,0.018,0,2708.8,1.45,37.524608,127.022633,False,False,False
D006,T001,2026-01-03 00:06:55,49.52,-0.484,0,2308.3,11.05,37.52463,127.022705,False,False,False
D006,T001,2026-01-03 00:07:00,48.28,0.024,0,1953.5,7.3,37.524822,127.022718,False,False,False
D006,T001,2026-01-03 00:07:05,57.42,0.632,0,3150.4,7.43,37.524684,127.022732,False,False,False
D006,T001,2026-01-03 00:07:10,40.62,-0.323,0,2219.4,-2.88,37.524618,127.022699,False,False,False
D006,T001,2026-01-03 00:07:15,43.3,0.225,0,2104.6,-0.68,37.524598,127.022603,False,False,False
D006,T001,2026-01-03 00:07:20,48.11,-0.266,0,2512.3,-2.14,37.524779,127.022602,False,False,False
D006,T001,2026-01-03 00:07:25,57.29,0.83,0,2900.0,-10.54,37.524922,127.022607,False,False,False
D006,T002,2026-01-03 02:00:00,60.83,-0.005,0,2912.6,4.74,37.52511,127.026048,False,False,False
D006,T002,2026-01-03 02:00:05,56.96,-0.54,0,2765.9,-1.88,37.525021,127.02596,False,False,False
D006,T002,2026-01-03 02:00:10,50.92,-0.355,0,2537.1,10.49,37.52504,127.025989,False,False,False
D006,T002,2026-01-03 02:00:15,61.43,0.629,0,3016.3,5.45,37.524888,127.026181,False,False,False
D006,T002,2026-01-03 02:00:20,50.2,-1.142,1,1940.9,3.8,37.52477,127.026319,False,False,False
D006,T002,2026-01-03 02:00:25,43.4,-0.328,0,2348.3,3.46,37.524723,127.026273,False,False,False
D006,T002,2026-01-03 02:00:30,61.04,0.947,0,3066.4,8.1,37.524814,127.026208,False,False,False
D006,T002,2026-01-03 02:00:35,47.61,-1.102,1,2366.3,7.15,37.524752,127.026218,False,False,False
D006,T002,2026-01-03 02:00:40,54.51,0.288,0,2853.6,-0.79,37.524686,127.026203,False,False,False
D006,T002,2026-01-03 02:00:45,57.26,0.065,0,2748.5,6.93,37.524689,127.026311,False,False,False
D006,T002,2026-01-03 02:00:50,58.68,0.615,0,3164.7,1.22,37.524692,127.026377,False,False,False
D006,T002,2026-01-03 02:00:55,61.71,0.228,0,3035.0,13.42,37.524629,127.026225,False,False,False
D006,T002,2026-01-03 02:01:00,60.29,0.21,0,2975.3,7.68,37.524788,127.026266,False,False,False
D006,T002,2026-01-03 02:01:05,60.2,-0.038,0,2863.5,-4.38,37.524767,127.02625,False,False,False
D006,T002,2026-01-03 02:01:10,52.08,-0.969,0,2710.3,16.31,37.524776,127.026253,False,False,False
D006,T002,2026-01-03 02:01:15,58.63,0.549,0,2835.7,-14.71,37.524744,127.026276,False,False,False
D006,T002,2026-01-03 02:01:20,47.65,-0.789,0,2238.5,4.46,37.524779,127.026384,False,False,False
D006,T002,2026-01-03 02:01:25,66.02,0.921,0,3074.6,-4.87,37.524878,127.026472,False,False,False
D006,T002,2026-01-03 02:01:30,47.88,-1.294,1,2323.9,13.18,37.525011,127.026404,False,False,False
D006,T002,2026-01-03 02:01:35,54.0,0.358,0,2659.9,1.77,37.52495,127.026399,False,False,False
D006,T002,2026-01-03 02:01:40,47.85,-0.043,0,2382.7,-5.56,37.525038,127.026359,False,False,False
D006,T002,2026-01-03 02:01:45,51.07,0.437,0,2589.6,-1.87,37.525082,127.026207,False,False,False
D006,T002,2026-01-03 02:01:50,55.21,0.669,0,2885.7,-5.0,37.52516,127.026197,False,False,False
D006,T002,2026-01-03 02:01:55,51.54,0.278,0,2438.6,-2.14,37.525153,127.026363,False,False,False
D006,T002,2026-01-03 02:02:00,61.1,-0.042,0,2514.3,-2.3,37.525138,127.026209,False,False,False
D006,T002,2026-01-03 02:02:05,55.01,-0.668,0,2655.6,-5.26,37.525213,127.026207,False,False,False
D006,T002,2026-01-03 02:02:10,50.25,-0.766,0,2009.5,1.89,37.525289,127.026202,False,False,False
D006,T002,2026-01-03 02:02:15,51.71,0.256,0,2818.3,2.74,37.525414,127.026228,False,False,False
D006,T002,2026-01-03 02:02:20,59.3,0.226,0,3196.6,-6.97,37.52543,127.026141,False,False,False
D006,T002,2026-01-03 02:02:25,56.85,-0.271,0,2693.6,-11.61,37.525421,127.026013,False,False,False
D006,T002,2026-01-03 02:02:30,43.92,-0.774,0,2407.0,2.18,37.525225,127.025889,False,False,False
D006,T002,2026-01-03 02:02:35,46.16,0.23,0,2465.6,3.72,37.525096,127.026009,False,False,False
D006,T002,2026-01-03 02:02:40,52.56,-0.06,0,2911.9,5.11,37.525064,127.02592,False,False,False
D006,T002,2026-01-03 02:02:45,51.29,-0.42,0,2419.2,3.86,37.524976,127.025875,False,False,False
D006,T002,2026-01-03 02:02:50,42.34,-0.493,0,1755.5,11.01,37.525041,127.026065,False,False,False
D006,T002,2026-01-03 02:02:55,52.82,0.912,0,2832.2,6.98,37.524937,127.025999,False,False,False
D006,T002,2026-01-03 02:03:00,42.53,-0.575,0,2476.8,18.76,37.524896,127.02603,False,False,False
D006,T002,2026-01-03 02:03:05,55.42,0.491,0,2938.5,21.7,37.524859,127.026125,False,False,False
D006,T002,2026-01-03 02:03:10,50.38,-0.876,0,2277.4,-12.31,37.524956,127.026217,False,False,False
D006,T002,2026-01-03 02:03:15,40.14,-0.3,0,2207.9,-15.38,37.524907,127.026097,False,False,False
D006,T002,2026-01-03 02:03:20,43.58,-0.015,0,2503.2,-0.05,37.524943,127.026033,False,False,False
D006,T002,2026-01-03 02:03:25,43.32,-0.334,0,2233.9,3.53,37.524959,127.02606,False,False,False
D006,T002,2026-01-03 02:03:30,47.47,-0.248,0,2882.1,-0.53,37.525031,127.026233,False,False,False
D006,T002,2026-01-03 02:03:35,45.23,-0.524,0,2179.3,4.93,37.525099,127.026165,False,False,False
D006,T002,2026-01-03 02:03:40,39.58,-0.579,0,2248.6,-1.89,37.525097,127.02612,False,False,False
D006,T002,2026-01-03 02:03:45,38.19,-0.143,0,2254.3,-4.86,37.524961,127.026158,False,False,False
D006,T002,2026-01-03 02:03:50,50.08,0.32,0,2497.0,-3.8,37.524942,127.026214,False,False,False
D006,T002,2026-01-03 02:03:55,48.74,-0.022,0,2426.0,-1.4,37.524941,127.026275,False,False,False
D006,T002,2026-01-03 02:04:00,47.94,-0.113,0,2638.5,5.9,37.524964,127.026199,False,False,False
D006,T002,2026-01-03 02:04:05,49.37,0.697,0,2707.7,-3.41,37.524905,127.026151,False,False,False
D006,T002,2026-01-03 02:04:10,44.33,-0.752,0,2252.7,-2.02,37.524996,127.026171,False,False,False
D006,T002,2026-01-03 02:04:15,49.62,0.337,0,2316.8,3.99,37.524997,127.026284,False,False,False
D006,T002,2026-01-03 02:04:20,64.32,0.86,0,3344.2,-1.39,37.524923,127.026263,False,False,False
D006,T002,2026-01-03 02:04:25,56.55,-0.715,0,2667.2,7.82,37.524887,127.026261,False,False,False
D006,T002,2026-01-03 02:04:30,48.25,-0.432,0,2383.9,-6.44,37.525041,127.026168,False,False,False
D006,T002,2026-01-03 02:04:35,47.4,0.167,0,2563.3,-7.95,37.525094,127.026336,False,False,False
D006,T002,2026-01-03 02:04:40,33.84,-0.721,0,1768.3,2.13,37.525178,127.02635,False,False,False
D006,T002,2026-01-03 02:04:45,58.18,1.728,0,3101.8,2.83,37.525095,127.026447,False,False,False
D006,T002,2026-01-03 02:04:50,56.96,-0.673,0,2595.0,-6.05,37.52504,127.02645,False,False,False
D006,T002,2026-01-03 02:04:55,49.44,-0.649,0,2304.6,9.41,37.524985,127.026457,False,False,False
D006,T002,2026-01-03 02:05:00,44.66,0.146,0,2793.0,13.47,37.525,127.026322,False,False,False
D006,T002,2026-01-03 02:05:05,46.86,0.375,0,2690.0,-4.39,37.524986,127.026129,False,False,False
D006,T002,2026-01-03 02:05:10,57.02,0.711,0,2770.7,10.41,37.524947,127.026241,False,False,False
D006,T002,2026-01-03 02:05:15,54.28,0.192,0,3104.2,-16.67,37.524918,127.026248,False,False,False
D006,T002,2026-01-03 02:05:20,59.33,-0.254,0,2733.4,7.53,37.524854,127.026267,False,False,False
D006,T002,2026-01-03 02:05:25,56.06,0.041,0,2770.2,-6.0,37.52484,127.026155,False,False,False
D006,T002,2026-01-03 02:05:30,61.71,0.608,0,3243.6,6.83,37.524929,127.026073,False,False,False
D006,T002,2026-01-03 02:05:35,58.34,-0.37,0,2397.5,-6.73,37.524808,127.026169,False,False,False
D006,T002,2026-01-03 02:05:40,61.39,0.9,0,3092.6,-0.48,37.524835,127.026326,False,False,False
D006,T002,2026-01-03 02:05:45,43.9,-0.91,0,2039.3,-5.67,37.524946,127.02627,False,False,False
D006,T002,2026-01-03 02:05:50,49.07,-0.325,0,2483.9,-1.5,37.524931,127.02633,False,False,False
D006,T002,2026-01-03 02:05:55,54.35,0.397,0,2851.9,12.81,37.524889,127.026347,False,False,False
D006,T002,2026-01-03 02:06:00,63.0,0.277,0,3038.9,-0.76,37.524963,127.026336,False,False,False
D006,T002,2026-01-03 02:06:05,67.76,0.587,0,3260.8,14.77,37.524884,127.026503,False,False,False
D006,T002,2026-01-03 02:06:10,55.26,-0.538,0,2802.2,-2.7,37.524882,127.026462,False,False,False
D006,T002,2026-01-03 02:06:15,52.31,-0.329,0,2610.2,10.44,37.524799,127.026574,False,False,False
D006,T002,2026-01-03 02:06:20,43.96,-0.043,0,2342.6,-11.38,37.524649,127.026608,False,False,False
D006,T002,2026-01-03 02:06:25,60.68,1.184,0,3200.1,-2.01,37.524637,127.026607,False,False,False
D006,T002,2026-01-03 02:06:30,51.73,-0.724,0,2779.8,-3.75,37.524536,127.02673,False,False,False
D006,T002,2026-01-03 02:06:35,72.49,1.103,0,3588.3,10.76,37.524535,127.026756,False,False,False
D006,T002,2026-01-03 02:06:40,49.7,-1.113,1,2202.4,1.3,37.524625,127.026748,False,False,False
D006,T002,2026-01-03 02:06:45,66.38,0.819,0,2943.4,-14.62,37.524773,127.026872,False,False,False
D006,T002,2026-01-03 02:06:50,57.65,-0.575,0,2425.6,-9.17,37.52478,127.026984,False,False,False
D006,T002,2026-01-03 02:06:55,46.38,-0.612,0,2208.3,-7.09,37.524862,127.027092,False,False,False
D006,T002,2026-01-03 02:07:00,53.4,0.091,0,2666.3,6.54,37.524894,127.026742,False,False,False
D006,T002,2026-01-03 02:07:05,56.03,-0.476,0,2550.1,5.64,37.524863,127.026782,False,False,False
D006,T002,2026-01-03 02:07:10,49.46,-0.296,0,2529.7,-2.1,37.524709,127.026801,False,False,False
D006,T002,2026-01-03 02:07:15,55.26,-0.233,0,2575.4,-3.84,37.524839,127.026798,False,False,False
D006,T002,2026-01-03 02:07:20,54.56,-0.315,0,2471.3,5.01,37.524755,127.026853,False,False,False
D006,T002,2026-01-03 02:07:25,52.66,-0.598,0,2619.4,-7.91,37.524866,127.026876,False,False,False
D006,T003,2026-01-03 04:00:00,54.77,0.217,0,2522.1,-2.37,37.525015,127.028919,False,False,False
D006,T003,2026-01-03 04:00:05,54.78,-0.319,0,2745.1,-4.17,37.524928,127.029094,False,False,False
D006,T003,2026-01-03 04:00:10,51.38,-0.501,0,2542.7,-8.32,37.52482,127.029165,False,False,False
D006,T003,2026-01-03 04:00:15,55.94,-0.11,0,2691.0,3.63,37.524861,127.029004,False,False,False
D006,T003,2026-01-03 04:00:20,54.66,-0.1,0,2767.5,4.17,37.524739,127.028844,False,False,False
D006,T003,2026-01-03 04:00:25,57.53,0.066,0,2754.8,-7.46,37.52472,127.028756,False,False,False
D006,T003,2026-01-03 04:00:30,46.88,-0.987,0,2106.1,-6.49,37.524694,127.028897,False,False,False
D006,T003,2026-01-03 04:00:35,59.07,0.715,0,3113.5,0.96,37.524684,127.028978,False,False,False
D006,T003,2026-01-03 04:00:40,61.93,0.131,0,3090.3,-6.75,37.524704,127.029124,False,False,False
D006,T003,2026-01-03 04:00:45,58.04,0.114,0,2757.1,1.25,37.524832,127.029125,False,False,False
D006,T003,2026-01-03 04:00:50,60.08,0.672,0,2933.7,10.28,37.524704,127.029106,False,False,False
D006,T003,2026-01-03 04:00:55,56.02,-0.097,0,2700.2,-0.42,37.524774,127.028993,False,False,False
D006,T003,2026-01-03 04:01:00,62.2,0.148,0,2898.0,-8.5,37.524573,127.029025,False,False,False
D006,T003,2026-01-03 04:01:05,57.33,-0.089,0,3054.4,2.74,37.524685,127.029007,False,False,False
D006,T003,2026-01-03 04:01:10,50.05,-0.4,0,2520.6,-1.24,37.524521,127.028986,False,False,False
D006,T003,2026-01-03 04:01:15,61.9,0.588,0,3086.6,-1.05,37.524716,127.029132,False,False,False
D006,T003,2026-01-03 04:01:20,46.97,-1.064,0,2044.9,3.33,37.524685,127.02912,False,False,False
D006,T003,2026-01-03 04:01:25,58.38,0.501,0,3078.3,4.84,37.524788,127.02924,False,False,False
D006,T003,2026-01-03 04:01:30,54.15,-0.283,0,2518.5,0.25,37.524875,127.029097,False,False,False
D006,T003,2026-01-03 04:01:35,53.53,0.189,0,2594.1,-0.42,37.52484,127.029339,False,False,False
D006,T003,2026-01-03 04:01:40,56.97,0.332,0,2999.4,14.44,37.524811,127.029306,False,False,False
D006,T003,2026-01-03 04:01:45,51.35,0.197,0,2709.0,8.4,37.524744,127.029369,False,False,False
D006,T003,2026-01-03 04:01:50,58.34,0.573,0,2509.2,5.83,37.524807,127.029447,False,False,False
D006,T003,2026-01-03 04:01:55,55.16,-0.058,0,2684.3,0.92,37.524773,127.029402,False,False,False
D006,T003,2026-01-03 04:02:00,50.59,-0.337,0,2518.7,-7.04,37.524708,127.029476,False,False,False
D006,T003,2026-01-03 04:02:05,61.86,0.333,0,2965.4,7.89,37.524751,127.029555,False,False,False
D006,T003,2026-01-03 04:02:10,54.46,-0.567,0,2605.9,1.01,37.524679,127.02949,False,False,False
D006,T003,2026-01-03 04:02:15,56.46,-0.084,0,2425.5,-4.04,37.524653,127.029427,False,False,False
D006,T003,2026-01-03 04:02:20,60.57,-0.486,0,2292.8,-1.7,37.524661,127.029431,False,False,False
D006,T003,2026-01-03 04:02:25,59.88,-0.319,0,2640.1,-6.76,37.52461,127.029421,False,False,False
D006,T003,2026-01-03 04:02:30,54.42,0.145,0,2782.9,7.4,37.524571,127.029546,False,False,False
D006,T003,2026-01-03 04:02:35,48.56,-0.221,0,1872.0,4.78,37.524693,127.02961,False,False,False
D006,T003,2026-01-03 04:02:40,41.22,-0.51,0,1987.4,1.27,37.524677,127.029603,False,False,False
D006,T003,2026-01-03 04:02:45,50.99,3.73,0,3058.0,-0.3,37.524648,127.029658,True,False,False
D006,T003,2026-01-03 04:02:50,55.82,-0.277,0,2643.2,-4.76,37.524634,127.029474,False,False,False
D006,T003,2026-01-03 04:02:55,50.93,-0.192,0,2891.8,-14.91,37.524671,127.029418,False,False,False
D006,T003,2026-01-03 04:03:00,27.63,-0.93,0,1545.9,-9.89,37.524588,127.029444,False,False,False
D006,T003,2026-01-03 04:03:05,53.35,1.385,0,2949.4,-5.2,37.524622,127.029544,False,False,False
D006,T003,2026-01-03 04:03:10,53.37,-0.492,0,2707.5,-6.25,37.524643,127.029562,False,False,False
D006,T003,2026-01-03 04:03:15,45.68,-0.54,0,2288.1,2.03,37.5245,127.029694,False,False,False
D006,T003,2026-01-03 04:03:20,53.33,0.778,0,2795.8,5.68,37.524643,127.029772,False,False,False
D006,T003,2026-01-03 04:03:25,51.04,-0.054,0,2740.4,-0.9,37.52476,127.029728,False,False,False
D006,T003,2026-01-03 04:03:30,43.01,-0.838,0,2212.8,9.86,37.524696,127.029715,False,False,False
D006,T003,2026-01-03 04:03:35,54.91,1.316,0,3058.4,-5.48,37.524606,127.029752,False,False,False
D006,T003,2026-01-03 04:03:40,39.6,-1.194,1,1908.9,-0.95,37.524624,127.029712,False,False,False
D006,T003,2026-01-03 04:03:45,47.03,0.342,0,2462.2,-0.36,37.52451,127.029849,False,False,False
D006,T003,2026-01-03 04:03:50,46.58,-0.313,0,2530.0,7.65,37.524619,127.02975,False,False,False
D006,T003,2026-01-03 04:03:55,42.76,-0.499,0,2133.3,0.74,37.524582,127.029778,False,False,False
D006,T003,2026-01-03 04:04:00,49.86,0.266,0,2825.5,0.93,37.524712,127.029844,False,False,False
D006,T003,2026-01-03 04:04:05,56.31,0.533,0,2693.4,-11.58,37.524646,127.029816,False,False,False
D006,T003,2026-01-03 04:04:10,56.37,0.362,0,3104.5,-6.3,37.524637,127.029768,False,False,False
D006,T003,2026-01-03 04:04:15,53.63,-0.259,0,2701.6,7.67,37.524738,127.029761,False,False,False
D006,T003,2026-01-03 04:04:20,39.46,-1.063,0,1783.3,-14.53,37.524712,127.029834,False,False,False
D006,T003,2026-01-03 04:04:25,42.15,0.282,0,2436.8,9.4,37.524734,127.029789,False,False,False
D006,T003,2026-01-03 04:04:30,51.77,0.672,0,2640.9,3.5,37.524821,127.029693,False,False,False
D006,T003,2026-01-03 04:04:35,51.11,0.031,0,2600.5,-5.23,37.524777,127.029796,False,False,False
D006,T003,2026-01-03 04:04:40,48.87,-0.047,0,2413.8,-5.82,37.524676,127.029832,False,False,False
D006,T003,2026-01-03 04:04:45,63.95,0.8,0,3176.3,13.27,37.524559,127.029923,False,False,False
D006,T003,2026-01-03 04:04:50,53.64,-0.542,0,2723.9,9.88,37.524606,127.029991,False,False,False
D006,T003,2026-01-03 04:04:55,56.81,0.125,0,2902.4,-0.84,37.524637,127.030187,False,False,False
D006,T003,2026-01-03 04:05:00,60.07,0.477,0,2794.8,0.94,37.524722,127.030288,False,False,False
D006,T003,2026-01-03 04:05:05,55.01,0.341,0,2603.2,-4.52,37.5247,127.030223,False,False,False
D006,T003,2026-01-03 04:05:10,70.81,0.922,0,3509.3,0.94,37.524586,127.030265,False,False,False
D006,T003,2026-01-03 04:05:15,49.93,-1.155,1,2355.2,-4.72,37.524397,127.030215,False,False,False
D006,T003,2026-01-03 04:05:20,52.35,0.205,0,2553.8,-0.55,37.524627,127.030174,False,False,False
D006,T003,2026-01-03 04:05:25,50.65,-0.277,0,2797.7,12.67,37.524669,127.030047,False,False,False
D006,T003,2026-01-03 04:05:30,66.12,1.066,0,3478.9,-0.67,37.52468,127.030021,False,False,False
D006,T003,2026-01-03 04:05:35,61.79,-0.116,0,2812.6,-7.34,37.524702,127.03007,False,False,False
D006,T003,2026-01-03 04:05:40,53.84,-0.556,0,2428.1,-9.56,37.524588,127.030064,False,False,False
D006,T003,2026-01-03 04:05:45,52.07,0.153,0,2613.1,0.89,37.524524,127.029965,False,False,False
D006,T003,2026-01-03 04:05:50,65.73,0.759,0,3191.9,-5.33,37.524664,127.029828,False,False,False
D006,T003,2026-01-03 04:05:55,59.52,-0.612,0,2965.3,1.73,37.524716,127.030018,False,False,False
D006,T003,2026-01-03 04:06:00,65.82,0.445,0,3363.1,-11.34,37.524655,127.030047,False,False,False
D006,T003,2026-01-03 04:06:05,56.83,-0.43,0,2694.1,4.83,37.524557,127.029973,False,False,False
D006,T003,2026-01-03 04:06:10,60.15,0.45,0,3116.0,-7.42,37.524516,127.030015,False,False,False
D006,T003,2026-01-03 04:06:15,58.67,0.15,0,3025.8,0.32,37.524491,127.030212,False,False,False
D006,T003,2026-01-03 04:06:20,52.8,-0.354,0,2577.6,-2.37,37.524655,127.030268,False,False,False
D006,T003,2026-01-03 04:06:25,55.34,0.009,0,2806.2,12.03,37.524639,127.030017,False,False,False
D006,T003,2026-01-03 04:06:30,48.68,-0.367,0,2531.2,1.2,37.524544,127.030256,False,False,False
D006,T003,2026-01-03 04:06:35,58.4,0.638,0,3063.7,13.62,37.52454,127.030089,False,False,False
D006,T003,2026-01-03 04:06:40,59.57,0.199,0,2778.8,3.93,37.524561,127.030071,False,False,False
D006,T003,2026-01-03 04:06:45,60.46,0.133,0,2813.1,9.98,37.524458,127.029969,False,False,False
D006,T003,2026-01-03 04:06:50,57.99,-0.162,0,2733.9,-1.46,37.524491,127.029902,False,False,False
D006,T003,2026-01-03 04:06:55,52.68,-0.016,0,2510.4,2.42,37.524587,127.029928,False,False,False
D006,T003,2026-01-03 04:07:00,62.25,0.341,0,2776.3,8.53,37.524598,127.029741,False,False,False
D006,T003,2026-01-03 04:07:05,57.79,0.444,0,3034.1,6.33,37.524535,127.029733,False,False,False
D006,T003,2026-01-03 04:07:10,60.26,0.348,0,3037.7,3.72,37.524492,127.029836,False,False,False
D006,T003,2026-01-03 04:07:15,60.05,-0.325,0,2579.0,-2.3,37.52436,127.02976,False,False,False
D006,T003,2026-01-03 04:07:20,50.0,-0.503,0,2395.8,-1.11,37.524349,127.029635,False,False,False
D006,T003,2026-01-03 04:07:25,52.61,0.359,0,2684.6,7.96,37.524374,127.029623,False,False,False
D006,T004,2026-01-03 06:00:00,60.12,0.39,0,3258.7,10.08,37.524926,127.032045,False,False,False
D006,T004,2026-01-03 06:00:05,48.98,-0.505,0,2079.9,1.47,37.524854,127.032001,False,False,False
D006,T004,2026-01-03 06:00:10,48.64,0.098,0,2562.8,-9.54,37.524853,127.032161,False,False,False
D006,T004,2026-01-03 06:00:15,48.16,-0.378,0,2290.7,-0.74,37.524855,127.032308,False,False,False
D006,T004,2026-01-03 06:00:20,59.19,0.902,0,2980.2,3.61,37.524727,127.032234,False,False,False
D006,T004,2026-01-03 06:00:25,49.11,-0.061,0,2413.5,-1.51,37.52491,127.03222,False,False,False
D006,T004,2026-01-03 06:00:30,60.13,0.698,0,2883.5,4.6,37.52489,127.032152,False,False,False
D006,T004,2026-01-03 06:00:35,58.89,-0.234,0,2574.1,-0.46,37.524895,127.032135,False,False,False
D006,T004,2026-01-03 06:00:40,52.67,-0.388,0,2475.9,-4.17,37.524845,127.032114,False,False,False
D006,T004,2026-01-03 06:00:45,65.73,0.603,0,3238.3,-7.6,37.524823,127.0322,False,False,False
D006,T004,2026-01-03 06:00:50,47.71,-1.094,0,2440.9,-2.74,37.524795,127.03212,False,False,False
D006,T004,2026-01-03 06:00:55,66.81,1.234,0,3446.2,1.43,37.524795,127.031885,False,False,False
D006,T004,2026-01-03 06:01:00,58.88,-0.36,0,2982.8,-13.72,37.524793,127.03174,False,False,False
D006,T004,2026-01-03 06:01:05,44.57,-0.511,0,1986.8,-5.46,37.524858,127.031648,False,False,False
D006,T004,2026-01-03 06:01:10,66.25,-2.872,1,2392.8,-13.98,37.524876,127.031589,False,False,False
D006,T004,2026-01-03 06:01:15,62.46,-0.45,0,3002.6,-4.32,37.524932,127.031606,False,False,False
D006,T004,2026-01-03 06:01:20,53.9,-0.612,0,2609.8,8.38,37.524932,127.031508,False,False,False
D006,T004,2026-01-03 06:01:25,50.49,-0.344,0,2336.0,-8.3,37.52495,127.031399,False,False,False
D006,T004,2026-01-03 06:01:30,46.63,-0.265,0,2545.4,4.92,37.524931,127.031316,False,False,False
D006,T004,2026-01-03 06:01:35,70.5,1.816,0,3551.0,19.94,37.525011,127.031215,False,False,False
D006,T004,2026-01-03 06:01:40,50.09,-0.583,0,2284.8,10.17,37.525037,127.031165,False,False,False
D006,T004,2026-01-03 06:01:45,47.7,0.101,0,2581.5,0.93,37.525024,127.031112,False,False,False
D006,T004,2026-01-03 06:01:50,56.54,0.521,0,2888.2,6.01,37.525009,127.031174,False,False,False
D006,T004,2026-01-03 06:01:55,44.54,-1.041,0,2041.1,-9.59,37.525,127.031085,False,False,False
D006,T004,2026-01-03 06:02:00,48.03,0.254,0,2438.5,-11.01,37.525003,127.031052,False,False,False
D006,T004,2026-01-03 06:02:05,59.43,0.409,0,2768.1,0.2,37.524998,127.031003,False,False,False
D006,T004,2026-01-03 06:02:10,55.74,0.25,0,2729.1,2.79,37.524954,127.031076,False,False,False
D006,T004,2026-01-03 06:02:15,50.01,-0.763,0,2580.2,7.66,37.525015,127.031062,False,False,False
D006,T004,2026-01-03 06:02:20,51.91,0.212,0,2705.4,-3.98,37.525081,127.031157,False,False,False
D006,T004,2026-01-03 06:02:25,48.53,-0.429,0,2578.3,1.35,37.525224,127.031053,False,False,False
D006,T004,2026-01-03 06:02:30,50.28,0.094,0,2672.9,1.11,37.525175,127.031049,False,False,False
D006,T004,2026-01-03 06:02:35,45.53,-0.077,0,2271.0,-0.92,37.525229,127.030997,False,False,False
D006,T004,2026-01-03 06:02:40,46.14,0.318,0,2191.8,-0.51,37.525076,127.030887,False,False,False
D006,T004,2026-01-03 06:02:45,45.45,-0.055,0,2216.6,-5.98,37.525142,127.03088,False,False,False
D006,T004,2026-01-03 06:02:50,44.32,0.149,0,2268.7,1.96,37.525026,127.031036,False,False,False
D006,T004,2026-01-03 06:02:55,54.55,0.381,0,2653.8,1.37,37.524947,127.03096,False,False,False
D006,T004,2026-01-03 06:03:00,52.52,-0.044,0,2802.6,-3.08,37.524974,127.030948,False,False,False
D006,T004,2026-01-03 06:03:05,41.93,-0.306,0,2383.1,4.66,37.524924,127.03083,False,False,False
D006,T004,2026-01-03 06:03:10,40.07,-0.01,0,2608.2,7.19,37.524863,127.030699,False,False,False
D006,T004,2026-01-03 06:03:15,46.08,0.185,0,2319.8,4.74,37.524824,127.030628,False,False,False
D006,T004,2026-01-03 06:03:20,59.86,0.683,0,3323.0,-7.3,37.524883,127.030587,False,False,False
D006,T004,2026-01-03 06:03:25,40.55,-0.783,0,2342.9,0.7,37.524808,127.030551,False,False,False
D006,T004,2026-01-03 06:03:30,45.69,-0.02,0,2357.3,-6.38,37.524804,127.030531,False,False,False
D006,T004,2026-01-03 06:03:35,47.17,-0.181,0,2499.4,0.68,37.524774,127.030382,False,False,False
D006,T004,2026-01-03 06:03:40,46.07,0.106,0,2663.1,-6.35,37.524839,127.030326,False,False,False
D006,T004,2026-01-03 06:03:45,44.07,-0.232,0,2286.7,8.94,37.524907,127.030371,False,False,False
D006,T004,2026-01-03 06:03:50,53.96,0.141,0,2691.0,5.48,37.52476,127.030249,False,False,False
D006,T004,2026-01-03 06:03:55,50.02,0.158,0,2472.4,8.07,37.524844,127.030217,False,False,False
D006,T004,2026-01-03 06:04:00,52.64,-0.161,0,2179.6,7.36,37.524795,127.030243,False,False,False
D006,T004,2026-01-03 06:04:05,51.44,-0.122,0,2584.7,-1.89,37.524814,127.030173,False,False,False
D006,T004,2026-01-03 06:04:10,53.65,-0.05,0,2535.3,-2.98,37.524739,127.030204,False,False,False
D006,T004,2026-01-03 06:04:15,58.25,0.171,0,2674.5,12.19,37.524768,127.030067,False,False,False
D006,T004,2026-01-03 06:04:20,57.16,-0.306,0,2802.2,-1.16,37.524973,127.030147,False,False,False
D006,T004,2026-01-03 06:04:25,63.69,0.559,0,2877.3,-9.48,37.524983,127.03018,False,False,False
D006,T004,2026-01-03 06:04:30,57.53,-0.309,0,2883.2,7.05,37.524946,127.030185,False,False,False
D006,T004,2026-01-03 06:04:35,46.71,-0.323,0,2454.2,1.01,37.524927,127.030286,False,False,False
D006,T004,2026-01-03 06:04:40,56.41,0.366,0,2776.4,10.54,37.52481,127.030256,False,False,False
D006,T004,2026-01-03 06:04:45,56.21,0.582,0,2878.0,1.7,37.524926,127.030201,False,False,False
D006,T004,2026-01-03 06:04:50,64.01,-0.099,0,2790.4,-0.14,37.524951,127.030324,False,False,False
D006,T004,2026-01-03 06:04:55,47.07,-1.376,1,2282.6,10.68,37.524867,127.03049,False,False,False
D006,T004,2026-01-03 06:05:00,56.87,1.028,0,3043.4,-10.77,37.524786,127.030427,False,False,False
D006,T004,2026-01-03 06:05:05,49.9,-0.252,0,2538.4,-4.1,37.524787,127.030417,False,False,False
D006,T004,2026-01-03 06:05:10,57.6,0.52,0,3013.1,-6.21,37.524861,127.030511,False,False,False
D006,T004,2026-01-03 06:05:15,53.66,-0.097,0,2537.6,-15.37,37.524769,127.030504,False,False,False
D006,T004,2026-01-03 06:05:20,58.28,0.413,0,2649.0,6.11,37.524858,127.030558,False,False,False
D006,T004,2026-01-03 06:05:25,47.23,-0.526,0,2512.2,-3.9,37.524851,127.030628,False,False,False
D006,T004,2026-01-03 06:05:30,60.81,0.481,0,3147.3,6.34,37.524777,127.030577,False,False,False
D006,T004,2026-01-03 06:05:35,57.54,0.047,0,2720.4,2.72,37.524739,127.030615,False,False,False
D006,T004,2026-01-03 06:05:40,57.43,0.178,0,2915.4,4.25,37.524879,127.030614,False,False,False
D006,T004,2026-01-03 06:05:45,68.47,1.007,0,3626.0,-3.19,37.524768,127.030505,False,False,False
D006,T004,2026-01-03 06:05:50,54.52,-0.28,0,2847.1,-5.35,37.524709,127.030416,False,False,False
D006,T004,2026-01-03 06:05:55,58.92,0.335,0,2825.2,0.63,37.524786,127.030357,False,False,False
D006,T004,2026-01-03 06:06:00,57.36,-0.427,0,2438.4,6.43,37.524803,127.030441,False,False,False
D006,T004,2026-01-03 06:06:05,57.9,0.523,0,2696.6,-0.35,37.52474,127.030527,False,False,False
D006,T004,2026-01-03 06:06:10,69.92,0.38,0,3254.8,-4.91,37.524817,127.030595,False,False,False
D006,T004,2026-01-03 06:06:15,56.67,-0.637,0,2899.7,-8.39,37.524898,127.030634,False,False,False
D006,T004,2026-01-03 06:06:20,52.56,-0.298,0,2440.4,1.43,37.524924,127.030671,False,False,False
D006,T004,2026-01-03 06:06:25,66.94,0.674,0,3166.7,-3.88,37.524875,127.030696,False,False,False
D006,T004,2026-01-03 06:06:30,53.42,-0.533,0,2437.9,-0.5,37.524839,127.030733,False,False,False
D006,T004,2026-01-03 06:06:35,45.16,-0.388,0,2204.6,-1.67,37.524861,127.030776,False,False,False
D006,T004,2026-01-03 06:06:40,49.94,0.406,0,2635.3,-3.11,37.524757,127.03065,False,False,False
D006,T004,2026-01-03 06:06:45,46.36,-0.424,0,2102.5,2.06,37.524863,127.030578,False,False,False
D006,T004,2026-01-03 06:06:50,42.49,-0.262,0,2432.3,3.88,37.524999,127.030486,False,False,False
D006,T004,2026-01-03 06:06:55,50.6,0.234,0,2595.9,13.76,37.52498,127.030585,False,False,False
D006,T004,2026-01-03 06:07:00,51.81,0.011,0,3060.4,5.31,37.525008,127.030734,False,False,False
D006,T004,2026-01-03 06:07:05,58.8,0.353,0,2715.7,11.16,37.525103,127.030539,False,False,False
D006,T004,2026-01-03 06:07:10,54.98,0.302,0,3071.9,-5.73,37.52526,127.03068,False,False,False
D006,T004,2026-01-03 06:07:15,54.15,-0.118,0,2915.5,-11.21,37.525384,127.030688,False,False,False
D006,T004,2026-01-03 06:07:20,44.62,-1.117,1,2047.2,-0.1,37.525245,127.030779,False,False,False
D006,T004,2026-01-03 06:07:25,54.89,0.955,0,2855.4,6.01,37.52522,127.030824,False,False,False
